id_ruta,Nombre,Origen,Destino,,,,,,,,
rt_001,Autobus 88: Tarragona – Vila-seca – Salou,Tarragona,Salou,,,,,,,,
rt_002,Autobus 88: Salou – Vila-seca – Tarragona,Salou,Tarragona,,,,,,,,
rt_003,Autobus 11 Tarragona – Vila-seca - Cavet – Cambrils Estación ,Tarragona,Cambrils,,,,,,,,
rt_004,Autobus 11 Cambrils – cavet – Vila-seca – Tarragona,Cambrils,Tarragona,,,,,,,,
rt_005,Autobus 74 Tarragona – La Pineda – Cap Salou – Salou – Port Aventura,Tarragona,Pot Aventura,,,,,,,,
rt_006,Autobus 74 Port Aventura – Salou – Cap Salou – La Pineda – Tarragona,Pot Aventura,Tarragona,,,,,,,,
rt_007,Autobus 4 Tarragona – La Pineda – Cap Salou – Salou – Vilafortunuy  - Cambrils BM,Tarragona,Cambrils,,,,,,,,
rt_008,Autobus 4 Cambrils BM – Vilafortuny – Salou – Cap Salou – La Pineda – Tarragona,Cambrils,Tarragona,,,,,,,,
rt_009A,Autobus 30 Reus Estacio – Hospital Sant Joan – Vila-seca,Reus,Vila-seca,,,,,,,,
rt_009B,Autobus 30 Reus Estacio – Av. Salou – La Plana – Vila-seca,Reus,Vila-seca,,,,,,,,
rt_009C,Autobus 30 Reus Estacio – Av. Salou – La Plana – Vila-seca,Reus,Vila-seca,,,,,,,,
rt_009D,Autobus 30 Reus Estacio – Av. Salou – La Plana – Vila-seca,Reus,Vila-seca,,,,,,,,
rt_010A,Autobus 30 Vila-seca - Hospital Sant Joan – Reus Estacio,Vila-seca,Reus,,,,,,,,
rt_010B,Autobus 30 Vila-seca – La Plana – Reus Estacio,Vila-seca,Reus,,,,,,,,
rt_010C,Autobus 30 Vila-seca - Hospital Sant Joan – Reus Estacio,Vila-seca,Reus,,,,,,,,
rt_011A,Autobus 39 Vila-seca – La Pineda – Salou – Vila-seca,Vila-seca,La Pineda,,,,,,,,
rt_011B,Autobus 39 Vila-seca – La Pineda – Salou – Vila-seca,La Pineda,Vila-seca,,,,,,,,
rt_011C,Autobus 39 Vila-seca – La Pineda – CapSalou – Salou,La Pineda,Salou,,,,,,,,
rt_011D,Autobus 39 Salou – CapSalou – La Pineda – Vila-seca,Salou,La Pineda,,,,,,,,
rt_011E,Autobus 39 Vila-seca – La Pineda – Salou – Renfe Port Aventura – Vila-seca,Vila-seca,Vila-seca,,,,,,,,
rt_011F,Autobus 39 Vila-seca – La Pineda – Salou – Renfe Port Aventura – Vila-seca,Vila-seca,Vila-seca,,,,,,,,
rt_012,Autobus e6 Express Tarragona – Vila-seca - Salou,Tarragona,Salou,,,,,,,,
rt_013,Autobus e6 Express Salou – Vila-seca - Tarragona ,Salou,Tarragona,,,,,,,,
rt_014,Autobus 47 Cambrils – Vilafortuny – Salou – La Pineda – Reus,Cambrils,Reus,,,,,,,,
rt_015,Autobus 47 Reus – La Pineda – Salou – Vilafortuny – Cambrils,Reus,Cambrils,,,,,,,,
rt_018,Aeropuerto Reus: Aeropuerto – Salou – Cap Salou – La Pineda,Aero. Reus,La Pineda,,,,,,,,
rt_019,Aeropuerto Reus: La Pineda – Cap Salou – Salou - Aeropuerto ,La Pineda,Aero. Reus,,,,,,,,
rt_020,Estacion del Camp: Cambrils – Vilafortuny – Salou – Vila-seca – Reus – Estación del Camp,Cambrils,Est. del Camp,,,,,,,,La Pineda
rt_021,Estacion del Camp: Estación del Camp – Reus – Vila-seca – Salou – Vilafortuny – Cambrils,Est. del Camp,Cambrils,,,,,,,,
rt_022,Estacion del Camp: La Pineda – Salou – Estación del Camp,La Pineda,Est. del Camp,,,,,,,,
rt_023,Estacion del Camp: Estación del Camp – Salou – La Pineda,Est. del Camp,La Pineda,,,,,,,,
rt_026A,Autobus Barcelona: Barcelona – Aeropuerto El Prat T1 y T2 – Tarragona – La Pineda,Barcelona,La Pineda,,,,,,,,
rt_026B,Autobus Barcelona: Barcelona – Aeropuerto El Prat T1 y T2 – Tarragona – La Pineda,Barcelona,La Pineda,,,,,,,,
rt_026C,Autobus Barcelona: Barcelona – Aeropuerto El Prat T1 y T2 – Tarragona – La Pineda,Barcelona,La Pineda,,,,,,,,
rt_026D,Autobus Barcelona: Barcelona – Aeropuerto El Prat T1 y T2 – Tarragona – La Pineda,Barcelona,La Pineda,,,,,,,,
rt_026E,Autobus Barcelona: Barcelona – Aeropuerto El Prat T1 y T2 – Tarragona – La Pineda,Barcelona,La Pineda,,,,,,,,
rt_026F,Autobus Barcelona: Barcelona – Aeropuerto El Prat T1 y T2 – Tarragona – La Pineda,Barcelona,La Pineda,,,,,,,,
rt_026G,Autobus Barcelona: Barcelona – Aeropuerto El Prat T1 y T2 – Tarragona – La Pineda,Barcelona,La Pineda,,,,,,,,
rt_026H,Autobus Barcelona: Barcelona – Aeropuerto El Prat T1 y T2 – Tarragona – La Pineda,Barcelona,La Pineda,,,,,,,,
rt_026I,Autobus Barcelona: Barcelona – Aeropuerto El Prat T1 y T2 – Tarragona – La Pineda,Barcelona,La Pineda,,,,,,,,
rt_027A,Autobus Barcelona: La Pineda – Tarragona – Aeropuerto El Prat T1 y T2 – Barcelona,La Pineda,Barcelona,,,,,,,,
rt_027B,Autobus Barcelona: La Pineda – Tarragona – Aeropuerto El Prat T1 y T2 – Barcelona,La Pineda,Barcelona,,,,,,,,
rt_027C,Autobus Barcelona: La Pineda – Tarragona – Aeropuerto El Prat T1 y T2 – Barcelona,La Pineda,Barcelona,,,,,,,,
rt_027D,Autobus Barcelona: La Pineda – Tarragona – Aeropuerto El Prat T1 y T2 – Barcelona,La Pineda,Barcelona,,,,,,,,
rt_027E,Autobus Barcelona: La Pineda – Tarragona – Aeropuerto El Prat T1 y T2 – Barcelona,La Pineda,Barcelona,,,,,,,,
rt_027F,Autobus Barcelona: La Pineda – Tarragona – Aeropuerto El Prat T1 y T2 – Barcelona,La Pineda,Barcelona,,,,,,,,
rt_027G,Autobus Barcelona: La Pineda – Tarragona – Aeropuerto El Prat T1 y T2 – Barcelona,La Pineda,Barcelona,,,,,,,,
rt_027H,Autobus Barcelona: La Pineda – Tarragona – Aeropuerto El Prat T1 y T2 – Barcelona,La Pineda,Barcelona,,,,,,,,
rt_027J,Autobus Barcelona: La Pineda – Tarragona – Aeropuerto El Prat T1 y T2 – Barcelona,La Pineda,Barcelona,,,,,,,,
rt_027I,Autobus Barcelona: La Pineda – Tarragona – Aeropuerto El Prat T1 y T2 – Barcelona,La Pineda,Barcelona,,,,,,,,
rt_028A,Bus Blau L1: Vila-seca – La Pineda,Vila-seca,La Pineda,,,,,,,,
rt_028B,Bus Blau L1: Vila-seca – La Pineda (Adicional Julio y Agosto),Vila-seca,La Pineda,,,,,,,,
rt_029A,Bus Blau L1: La Pineda – Vila-seca,La Pineda,Vila-seca,,,,,,,,
rt_029B,Bus Blau L1: La Pineda – Vila-seca  (Adicional Julio y Agosto),La Pineda,Vila-seca,,,,,,,,
rt_030A,Bus Blau L11: Vila-seca – La Pineda,Vila-seca,La Pineda,,,,,,,,
rt_030B,Bus Blau L11: La Pineda – Vila-seca,La Pineda,Vila-seca,,,,,,,,
