parada,latitud,longitud,Id_parada,localidad,,
Av. de la Diputació - rotonda Club Nàutic,41.065971,1.064958,R001,cambrils,,
Av. de la Diputació (al davant Residencial Costa Blanca II) sentit Salou,41.065369,1.075655,R002,cambrils,,
Av. de la Diputació (Platja Cavet -abans del pont de fusta) sentit Salou,41.0646789,1.0787987,R003,cambrils,,
Av. de la Diputació (pal parada Torre de l'esquirol),41.0645327,1.0847292,R004,cambrils,,
"Av. de la Diputació, 56-58 (Esquirol Park sentit Salou)",41.066198,1.088291,R005,cambrils,,
"Av. de la Diputació, 70 (pal parada Hotel Centurion)",41.067711,1.091297,R006,cambrils,,
"Av. de la Diputació, 88(Urb. Reus Mediterrani-sentit Salou)",41.069674,1.095443,R007,cambrils,,
"Av. de la Diputació, 100 (marquesina-sentit Salou)",41.070114,1.096839,R008,cambrils,,
"Av. de la Diputació, 128 (pal parada davant H. Best Cambrils)",41.070982,1.10119,R009,cambrils,,
"Av.de la Diputació, 142 (davant ed. Serviola-sentit salou)",41.071702,1.105035,R010,cambrils,,
"Av. de la Diputació, 192 (pal parada Hotel Augustus) sentit Salou",41.074022,1.114939,R011,cambrils,,
Passeig de Miramar - Pl. Venus (pal parada),41.074476,1.118725,R012,salou,,
Passeig de Jaume I (Club Nautic) marquesina-sentit La Pineda,41.075327,1.132396,R013,salou,,
Passeig de Jaume I (pal parada monument) sentit La Pineda,41.074587,1.139375,R014,salou,,
"C/Brussel·les, 8 - C/Bilbao (pal parada) sentit La Pineda",41.072127,1.145415,R015,salou,,
C/Brussel·les (marquesina al davant Hotel Salou Park) sentit La Pineda,41.069456,1.148868,R016,salou,,
c/del Falset amb c/ delVendrell (sentit Tarragona),41.069241,1.153157,R017,salou,,
Ctra. de la Costa - C. Replanells. Marquesina sentit La Pineda,41.063765,1.160495,R018,cap salou,,
"Ctra. de la Costa, 27 (Don Pancho i Agencia Plana)",41.061797,1.161901,R019,cap salou,,
Ctra. de la Costa (Far Salou - Festival Village),41.061149,1.168332,R020,cap salou,,
"Ctra. de la Costa, 58 pal parada al davant c/Llorer sentit Tarragona",41.061789,1.172608,R021,cap salou,,
Ctra. de la Costa (passat Salou Club) eliminada,41.064243,1.175207,R022,cap salou,,
C-14 sentit Reus (Prosegur),41.115491,1.125008,R023,reus,,
C-14 sentit Reus (marquesina al costat La Plana),41.129561,1.122265,R024,reus,,
"Av.de Salou, 84 (pal parada-Barri Juroca)",41.142438,1.115554,R025,reus,,
Estació d'autobusos Reus,41.14747,1.112159,R026,reus,,
"Av. Salou, 121 (Barri Juroca) sentit Salou",41.14042,1.116881,R027,reus,,
Av. Salou (Fàbrica Borges),41.136676,1.11979,R028,reus,,
C-14 sentit Salou (al davant pal-parada La Plana),41.129249,1.122028,R029,reus,,
C-14 sentit Salou (Prosegur),41.1157828,1.1247469,R030,reus,,
"Ctra. de la Costa 81-77, pal parada Km5",41.061622,1.171653,R031,cap salou,,
Ctra. de la Costa (marquesina davant Festival Village) sentit Cambrils,41.061334,1.168466,R032,cap salou,,
Crta. de la Costa (C. de la Ginesta),41.061963,1.162136,R033,cap salou,,
Ctra. de la Costa-C. Replanells,41.06376,1.160603,R034,cap salou,,
Av. de Pompeu Fabra - C. Carles Buïgas (La Cage),41.070299,1.154128,R035,salou,,
c/ del Vendrell amb c/ de Roger de Llúria (al costat Ohtels Villadorada sentit Cambrils),41.068204,1.152278,R036,salou,,
c/ d'Amposta amb c/ de Carles Buïgas (al davant Burger King sentit Cambrils),41.071496,1.14987,R037,salou,,
C. de Barbastre - Pg. de la Jota,41.073867,1.147193,R038,salou,,
Pg. de Jaume I (davant La Ibense),41.073964,1.14237,R039,salou,,
Pg. de Jaume I - C/ de Madrid (Melé - Souvenirs Blai),41.074831,1.138245,R040,salou,,
Pg. de Jaume I - C/ de París (Clóe),41.0751,1.135984,R041,salou,,
Pg. de Jaume I (davant Patronat Turisme),41.075249,1.134223,R042,salou,,
Passeig de Miramar (Hotel Casablanca),41.075499,1.129258,R043,salou,,
"Passeig de Miramar, 40 (pal parada)",41.075216,1.12419,R044,cambrils,,
Pl. de Venus (pal parada souvenirs),41.074631,1.118017,R045,cambrils,,
"Av. de la Diputació, 197 (Hotel Cesar Augustus) sentit Cambrils",41.074169,1.115344,R046,cambrils,,
"Av. de la Diputació, 185 al costat H. Best Maritim sentit Cambrils",41.073769,1.113077,R047,cambrils,,
Av. de la Diputació (pal parada benzinera Shell),41.072603,1.108133,R048,cambrils,,
"Av. de la Diputació, 141 (marquesina Hotel Best Cambrils)",41.071153,1.101665,R049,cambrils,,
"Av. de la Diputació, 85 (Urb. Reus Mediterrani) sentit Cambrils",41.069355,1.094367,R050,cambrils,,
"Av. de la Diputació, 77 (Hotel Cambrils Playa) sentit Cambrils",41.067766,1.091223,R051,cambrils,,
Av. de la Diputació (pal parada al costat Ed. 7Pins) sentit Cambrils,41.066045,1.087787,R052,cambrils,,
Av. de la Diputació - Av. Oleastrum (pal parada) sentit Cambrils,41.064672,1.083655,R053,cambrils,,
Av. de la Diputació (Platja Cavet - sentit Cambrils),41.064737,1.079041,R054,cambrils,,
"Av. de la Diputació, 32 (pal parada Apart. Playazul)",41.066245,1.074247,R055,cambrils,,
Av. de la Diputació - C. Vila-seca (Michelangelo),41.066973,1.069805,R056,cambrils,,
Av. de la Diputació - Rambla Regueral,41.066354,1.066381,R057,cambrils,,
Aeroport de Reus,41.146872,1.152367,R058,reus,,
"C. Ciutat de Reus, 33",41.085155,1.13016,R059,salou,,
"C. Ciutat de Reus, 1",41.0790843,1.1299859,R060,salou,,
"N-340 Càmping Capfun Mirmanda, Km 1145,5 (antic Àmfora)",41.0791468,1.0658100,R061,cambrils,,
"Av. Vilafortuny, 88 (Urb. Els Tallats)",41.0809907,1.0965159,R062,cambrils,,
T-325 Camí Cavet- pal-abans rotonda Col·legi Elisabeth sentit Vila-seca,41.0870316,1.1247006,R063,salou,,
Ctra. de la Costa (rotonda Salou Club),41.064018,1.174733,R064,cap salou,,
"C/ de Barcelona, 40 (Edifici Fidias)",41.079735,1.131106,R065,salou,,
"C. de Barcelona, 86-88",41.085261,1.132947,R066,salou,,
Estació d'autobusos Tarragona,41.1182622,1.2443224,R067,tarragona,,
Av. Països Catalans (marq. passada Pl.Creu),41.06767,1.05646,R068,cambrils,,
Av. Països Catalans (Ajuntament),41.070839,1.056318,R069,cambrils,,
C. Molí d'Avall I (CEIP Marinada),41.070302,1.059606,R070,cambrils,,
C. Alexandre Galí I,41.070621,1.071588,R071,cambrils,,
Camí Cavet (urb. Molí de la Torre I),41.072385,1.076069,R072,cambrils,,
Camí cavet - Camí corralet (pal parada),41.07347,1.08467,R073,cambrils,,
Camí de Cavet - Av. de les Flors (pal parada),41.074673,1.088745,R074,cambrils,,
Camí Cavet (C. Tulipes - Av. Vilafortuny),41.076521,1.095408,R075,cambrils,,
T-325 Km 0 pal-abans cruïlla rotonda C-14 sentit Salou,41.08941,1.129743,R076,cambrils,,
Punto 12,41.078281,1.1027055,R077,cambrils,,
C-14 pal-abans de cruïlla LES 4 CARRETERAS,41.101822,1.127788,R078,salou,,
4 Garrofers,41.1230767,1.2446117,R079,tarragona,,
"Camí de l'Àngel, 23",41.12427,1.243178,R080,tarragona,,
Campus Sescelades (C/Camí Vell de valls),41.131704,1.241102,R081,tarragona,,
Campus Sescelades (C/Joaquim Donato),41.1340512,1.241063,R082,tarragona,,
Campus Sescelades (Av. Països Catalans),41.132285,1.245593,R083,tarragona,,
"Campus Catalunya (C/Marquès de Montoliu,11)",41.122451,1.248005,R084,tarragona,,
N-340 (pol. Taqsa) sentit Tarragona,41.113778,1.162478,R085,tarragona,,
N-340 (BASF cruïlla Canonja -Hostal direcció Tarragona),41.114398,1.183092,R086,canonja,,
N-340 (rotonda Bonavista sentit Tarragona),41.114747,1.195604,R087,canonja,,
N-340 Camp clar (sentit Tarragona),41.115046,1.20914,R088,canonja,,
Icomar,41.115899,1.2268008,R089,tarragona,,
Icomar sentit Vila-seca,41.11576,1.2251383,R090,tarragona,,
N-340 Bar Canada,41.115411,1.217194,R091,tarragona,,
N-340 - C. de l'Onyar (Campclar),41.115187,1.208346,R092,tarragona,,
"Ctra. Valencia, 232",41.115029,1.200763,R093,canonja,,
La Canonja sentit Vila-seca,41.1148979,1.1956024,R094,canonja,,
T-325 Km 0 pal-passat el semáfor sentit Cambrils,41.089356,1.129091,R095,cambrils,,
T-325 Camí Cavet- pal-al davant ESCLAT sentit Cambrils,41.086907,1.124286,R096,cambrils,,
"Av. del Castell de Vilafortuny , 33",41.078939,1.103299,R097,cambrils,,
"Av. Vilafortuny, 88 (Urb. Els Tallats)",41.080783,1.096436,R098,cambrils,,
Camí Cavet-C.Joan Rebull (parada bus),41.076678,1.095331,R099,cambrils,,
Camí Cavet (Urb. Els Ametllers),41.075202,1.089904,R100,cambrils,,
Camí Cavet (passada rotonda Camí Corralet) sentit Cambrils,41.07364,1.084682,R101,cambrils,,
Camí Cavet (Urb. Molí de la Torre II) sentit Cambrils,41.072529,1.076006,R102,cambrils,,
C. d'Alexandre Galí II sentit Cambrils,41.070912,1.071418,R103,cambrils,,
Cambrils poble (benzinera),41.074757,1.053548,R104,cambrils,,
Cambrils estació d'autobusos,41.0692548,1.0552852,R105,cambrils,,Cambrils estació d'autobusos
"Av. de la Diputació, 172 (marquesina Hotel Marítim)",41.073429,1.11173,R106,cambrils,,"Plaça d'Europa, 2 (marquesina-Apartaments CYE Salou)"
"Plaça d'Europa, 2 (marquesina-Apartaments CYE Salou)",41.076312,1.144601,R107,salou,,Av. Batlle Pere Molas - Rbla. del Parc (al costat entrada H. PortAventura)
Av. Batlle Pere Molas - Rbla. del Parc (al costat entrada H. PortAventura),41.082008,1.148609,R108,salou,,"Av. Ramon d'Olzina, 36 (antic Guàrdia Civil)"
Reus,41.1477513,1.1118618,R109,reus,,
Riera de Miró - C/ del Molí,41.158375,1.111825,R110,reus,,
Av. Marià Fortuny - Pl. Pau Casals (marq. urbana),41.161323,1.113886,R111,reus,,
Av. Tarragona (davant Cial. Morell sentit Tgna),41.189991,1.207448,R112,reus,,
C. de Joan Fuster (sentit ECT),41.192317,1.256081,R113,perafort,,
Camp de Tarragona,41.1922055,1.2739156,R114,la secuita,,
"C. de Joan Fuster, 7 (marquesina-sentit Tarragona)",41.1923,1.256153,R115,perafort,,
Riera Miró (davant estanc sentit EA),41.158402,1.111765,R116,reus,,
"Av. del Principat d'Andorra, 15 (pal parada-Hotel Salou Princess)",41.075906,1.1443,R117,salou,,
"Av. de la Diputació, 129 (marquesina) sentit Cambrils",41.0707869,1.0991401,R118,cambrils,,
"Av. del Principat d'Andorra, 8 (sentit Tarragona)",41.07396,1.14454,R119,salou,,
C-31B amb C/ del Prat d'en Carbó ( sentit Tarragona),41.076638,1.146602,R120,salou,,
C-31B (al costat Tenis Salou) sentit Tarragona,41.085098,1.17008,R121,salou,,
C-31B sentit Tarragona (Dow Chemical),41.101262,1.189596,R122,tarragona,,
Universitat Laboral (C-31B rotonda sentit Tgna),41.105933,1.207397,R123,tarragona,,
Autovia Tarragona-Salou (pal parada al davant Bar Túria) sentit Tarragona,41.113542,1.217489,R124,tarragona,,
Eix Transversal,41.11362,1.2238233,R125,tarragona,,
Polígon Francolí Parada 25153 sentit Salou,41.1136317,1.2296883,R126,tarragona,,
Tanatori (P. I. Francolí) sentit Tarragona,41.1136641,1.2296842,R127,tarragona,,
Tanatori (P. I. Francolí) sentit Salou,41.115238,1.232725,R128,tarragona,,
Poligon Francoli Parada 25609 sentit Tarragona,41.1137733,1.2293517,R129,tarragona,,
Auto Vulca (P. I. Francolí) sentit Salou,41.113805,1.224266,R130,tarragona,,
Autovia Tarragona-Salou (Bar Túria),41.113899,1.217648,R131,tarragona,,
Universitat Laboral (C-31B rotonda sentit Salou),41.106352,1.208159,R132,tarragona,,
C-31B amb c/ de Montsó (sentit Cambrils),41.076812,1.1466511,R133,,,
,,,R134,,,
Av. Diputació - Av. Joan XXIII,41.06698,1.072627,R135,cambrils,,
Bellissens 1,41.1469293,1.1202747,R136,reus,,
C-14 - rotonda (parcel·les Plana),41.130276,1.123091,R137,reus,,
Sanatori Villablanca T-315 Av. Bellisens,41.127274,1.152027,R138,reus,,
Sanatori Villablanca T-315 Av. Bellisens,41.1277282,1.1517771,R139,reus,,
N-340 Bonavista (sentit Vila-seca),41.114808,1.193499,R140,tarragona,,
N-340 (Cruïlla Canonja-Hostal),41.114598,1.185769,R141,canonja,,
N-340 (al davant nou edifici BASF - sentit Vila-seca),41.114282,1.17457,R142,canonja,,
N-340 (al davant Pol. Taqsa),41.113909,1.162993,R143,canonja,,
N-340 Bar Canada (sentit Vila-seca),41.115411,1.217194,R144,tarragona,,
"Ctra. Valencia, 224",41.115221,1.204518,R145,tarragona,,
"Ctra. Valencia, 230",41.1149065,1.2019738,R146,tarragona,,
"Ctra. Valencia, 222",41.114909,1.205393,R147,tarragona,,
N-340 (nou Edifici BASF - sentit Tarragona),41.114174,1.174598,R148,canonja,,
C-14 cruïlla pal (passat LES 4 CARRETERAS sentit Salou),41.101542,1.127588,R149,salou,,
"Ctra. Valencia, 214",41.11533,1.20989,R150,tarragona,,
Av. Adelaida (marquesina-darrera Pavelló),41.0718217,1.0562375,R151,cambrils,,
N-340 Bar Canada (sentit Tarragona),41.1153189 ,1.2178778,R152,tarragona,,
Av. Països Catalans Burguera (al davant H. Vila Romana) sentit Vila-seca,41.0806239,1.1460181,R153,salou,,
C. Joan Fuster (baixador Renfe - Port Aventura) sentit Vila-seca,41.08715004,1.1459376,R154,salou,,
C/ de Joan Fuster (baixador Port Aventura-Renfe) sentit Salou,41.0876392, 1.14576602,R155,salou,,
Port Aventura - Visitants ,41.0956160,1.1532440,R156,salou,,
"Av. Països Catalans (Burguera), al davant Hotel Vil·la Romana, Salou",41.0805079,1.1458032,R157,salou,,
c/ d'Amposta amb c/ del Falset (al costat H. Salou Park Resort II-sentit Tarragona),41.0707412,1.1496510,R158,salou,,
C-31 B (Dow Chemical),41.101637,1.189558,R159,tarragona,,
"Av. de la Diputació, 129 (marquesina) sentit Cambrils",41.0705573,1.098334,R160,cambrils,,
C-31B - Passeig de la Segregació (pal-sentit Salou),41.08335844,1.1374510,R161,salou,,
Pl. Europa- C. Nord,41.0770472,1.1433863,R162,salou,,
Pl. Europa - Av. Pere Molas (Royal),41.0772228,1.14441180,R163,salou,,
"Passeig de Gràcia, 36 (marquesina urbana)",41.390938,2.166595,R164,barcelona,,
"Av. Diagonal, 596 (marquesina urbana)",41.393234,2.146218,R165,barcelona,,
Plaça Reina Maria Cristina,41.387834,2.125799,R166,barcelona,,
Plaça Espanya,41.3742964,2.1485364,R167,barcelona,,
Aeroport / Terminal T2 ,41.3043942,2.0795192,R168,barcelona,,
Aeroport T1,41.2885031,2.0726072,R169,barcelona,,
A-7 pal (pasat el Rest. -Hotelet el Retiro),41.0897183,1.0924325,R170,cambrils,,
N-340 (Sup. Esclat),41.0783971,1.0636325,R171,cambrils,,
N-340 Residencial La Salle,41.0795051,1.0662504,R172,cambrils,,
Urb. Els tallats (Bar Xenxo-marquesina),41.0806940,1.0962589,R173,cambrils,,
"Passeig d'Albert I, 16-21 (Pal-marq. Mercadillo)",41.0748011,1.05356908,R174,cambrils,,
Av. Castell de Vilafortuny ( antiga residència Montemar),41.0788274,1.1033234,R175,cambrils,,
MAS GALLAU -RESTAURANTE & HOTEL,41.0886873,1.0913450,R176,cambrils,,
Ership (P. I. Francolí) sentit Tarragona,41.1136544,1.2296538,R177,tarragona,,
Gran Via - Santa Dorotea,41.3717136,2.1448824,R178,Barcelona,,
Diagonal - Gran Via Carles III ,41.3878650,2.1266081,R179,Barcelona,,
"Gran Via, 618 (marquesina urbana)",41.3879490,2.1664439,R180,Barcelona,,
Av. Diagonal (Palau Reial – Fac.Biologia),41.3862605,2.1188939,R181,Barcelona,,
Av. Diagonal - C. Villarroel (F. Macià),41.3931616,2.1462998,R182,Barcelona,,
"C. Balmes, 135 amb C.Rosselló",41.3936625,2.1568370,R183,Barcelona,,
Plaça Espanya 2,41.3736953,2.1470761,R184,Barcelona,,
"Passeig de Gràcia, 104 (marquesina urbana)",41.3961111,2.1602643,R185,Barcelona,,
"Av. Diagonal - Metro Maria Cristina - Sentit Castellbisbal (antigua Diagonal, 670)",41.388228,2.1264157,R186,Barcelona,,
"Av. Diagonal, 686",41.3860536,2.1176704,R187,Barcelona,,
,,,,Barcelona,,
,,,,,,
,,,,,,
,,,,,,
Av. Ramon d'Olzina (Polígon Alba sentit Tarragona),41.113462,1.156008,S001,vila-seca,,
Av. Ramon d'Olzina (Polígon Alba sentit salou) ,41.113942,1.155851,S002,vila-seca,,
Av. Ramon d'Olzina (Comerç TEDI sentit Tarragona),41.109277,1.152723,S003,vila-seca,,
"Av. Ramon d'Olzina, 83-85 (comerç TEDI)",41.109346,1.152657,S004,vila-seca,,
C. de Galceran de Pinós - Estació de Renfe,41.112519,1.150225,S005,vila-seca,,
"Pl. dels Països Catalans, 4",41.107832,1.14948,S006,vila-seca,,
"Pl. dels Països Catalans, 2",41.10756,1.148623,S007,vila-seca,,
C. de la Riera - davant Parc de la Riera,41.108957,1.145968,S008,vila-seca,,
"Av. Ramon d'Olzina, 36 (antic Guàrdia Civil)",41.107993,1.145058,S009,Vila-seca,,
"Av. Ramon d'Olzina, 23-25 (al davant antic Guàrdia Civil)",41.108066,1.144869,S010,vila-seca,,
Av. Ramon d'Olzina (Fleming sentit Tarragona),41.107739,1.140381,S011,vila-seca,,
Av. Ramon d'Olzina (fleming sentit Cambrils),41.107809,1.140262,S012,vila-seca,,
"Campus (Av. Alcalde Pere Molas, davant Institut Vila-seca)",41.103413,1.150585,S013,vila-seca,,
Av Alcalde Pere Molas(Decathlon-sentit Salou),41.09592,1.151911,S014,vila-seca,,
Av. Alcalde Pere Molas (parada - al davant Decathlon),41.095983,1.152085,S015,vila-seca,,
Via Màxima sentit salou,41.10593,1.15236,S016,vila-seca,,
Via Màxima sentit Tarragona,41.10591,1.15252,S017,vila-seca,,
"Torre d'en Dolça, 1 (Raval de Mar-sentit La Pineda)",41.099992,1.163989,S018,vila-seca,,
Torre d'en Dolça 2 (Raval de Mar-sentit Vila·seca),41.099906,1.165002,S019,vila-seca,,
Crta. La Pineda (Càmping La Pineda),41.0884743,1.1826535,S020,la pineda,,
Porta del Mar 2,41.086697,1.184598,S021,la pineda,,
Pg. de Pau Casals-c/ Lluis Mariano (sentit Salou),41.08377,1.18305,S022,la pineda,,
C. Amadeu Vives (Parc de la Tanca),41.0811778,1.1817255,S023,la pineda,,
La Tanca (sentit Tarragona),41.08048,1.18127,S024,la pineda,,
Enrico Caruso (sentit Tarragona),41.07776,1.17825,S025,la pineda,,
"C. Amadeu Vives, 11",41.077775,1.178105,S026,la pineda,,
Cançó Catalana (sentit Salou),41.07499,1.17594,S027,la pineda,,
Cançó Catalana (sentit Tarragona),41.07457,1.17652,S028,la pineda,,
Pg. de Pau Casals 77 (Platja) sentit Salou,41.074756,1.180782,S029,la pineda,,
Pg. de Pau Casals 109 (Pinar del Perruquet) sentit Salou,41.079071,1.183208,S030,la pineda,,
"Pg. de Pau Casals,133 (La Vasca) marquesina sentit Salou",41.081926,1.183606,S031,la pineda,,
C. Camí del Racó V estacionamiento Aquopolis sentit Tarragona,41.0731902,1.1740134,S032,la pineda,,
C. Camí del Racó VI estacionamiento Aquopolis sentit Salou,41.072661,1.174015,S033,la pineda,,
C. Camí del Racó III parada del hotel estival Park,41.06866,1.174561,S034,la pineda,,
C. Camí del Racó IV parada frente a Estival Park,41.068192,1.174482,S035,la pineda,,
C.Camí del Racó I Hotel Gran Palas,41.066121,1.176322,S036,la pineda,,
C. Camí del Racó II entrada Hotel Best Sol d'Or,41.06596,1.176562,S037,la pineda,,
"Campus Vila-Seca (Cruïlla Via Màxima 33, - C/ Joanot Martorell)",41.104141,1.146386,S038,vila-seca,,
Juli Garreta,41.0831185,1.1833394,S039,la pineda,,
