,id,ruta_id,parada_id,orden_secuencia,minutos_desde_origen,,
,1,rt_001,R067,0,00:00,,
,2,rt_001,R090,1,00:04,,
,3,rt_001,R091,2,00:05,,
,4,rt_001,R150,3,00:06,,
,5,rt_001,R092,4,00:06,,
,6,rt_001,R140,5,00:08,,
,7,rt_001,R141,6,00:09,,
,8,rt_001,R142,7,00:11,,
,9,rt_001,R143,8,00:12,,
,10,rt_001,S002,9,00:13,,
,11,rt_001,S004,10,00:14,,
,12,rt_001,S006,11,00:15,,
,13,rt_001,S010,12,00:16,,
,14,rt_001,S012,13,00:17,,
,15,rt_001,R149,14,00:19,,
,16,rt_001,R059,15,00:21,,
,17,rt_001,R060,16,00:22,,
,18,rt_002,R060,0,00:00,,
,19,rt_002,R065,1,00:01,,
,20,rt_002,R066,2,00:03,,
,21,rt_002,R078,3,00:08,,
,22,rt_002,S011,4,00:10,,
,23,rt_002,S009,5,00:11,,
,24,rt_002,S006,6,00:12,,
,25,rt_002,S003,7,00:13,,
,26,rt_002,S001,8,00:14,,
,27,rt_002,R085,9,00:17,,
,28,rt_002,R148,10,00:18,,
,29,rt_002,R086,11,00:19,,
,30,rt_002,R087,12,00:20,,
,31,rt_002,R088,13,00:21,,
,32,rt_002,R144,14,00:22,,
,33,rt_002,R090,15,00:25,,
,34,rt_002,R126,16,00:26,,
,35,rt_002,R067,17,00:30,,
,36,rt_003,R067,0,00:00,,
,37,rt_003,R090,1,00:02,,
,38,rt_003,R091,2,00:03,,
,39,rt_003,R088,3,00:04,,
,40,rt_003,R087,4,00:06,,
,41,rt_003,R086,5,00:08,,
,42,rt_003,S002,6,00:10,,
,43,rt_003,S004,7,00:12,,
,44,rt_003,S010,8,00:14,,
,45,rt_003,S012,9,00:15,,
,46,rt_003,R095,10,00:20,,
,47,rt_003,R097,11,00:23,,
,48,rt_003,R099,12,00:25,,
,49,rt_003,R100,13,00:26,,
,50,rt_003,R073,14,00:27,,
,51,rt_003,R072,15,00:28,,
,52,rt_003,R071,16,00:30,,
,53,rt_003,R070,17,00:31,,
,54,rt_003,R151,18,00:32,,
,55,rt_003,R104,19,00:33,,
,56,rt_003,R105,20,00:35,,
,57,rt_004,R105,0,00:00,,
,58,rt_004,R068,1,00:02,,
,59,rt_004,R069,2,00:03,,
,60,rt_004,R070,3,00:04,,
,61,rt_004,R103,4,00:05,,
,62,rt_004,R072,5,00:06,,
,63,rt_004,R073,6,00:07,,
,64,rt_004,R074,7,00:08,,
,65,rt_004,R075,8,00:09,,
,66,rt_004,R175,9,00:10,,
,67,rt_004,R063,10,00:13,,
,68,rt_004,S011,11,00:18,,
,69,rt_004,S009,12,00:19,,
,70,rt_004,S007,13,00:20,,
,71,rt_004,S003,14,00:21,,
,72,rt_004,S001,15,00:25,,
,73,rt_004,R086,16,00:33,,
,74,rt_004,R087,17,00:34,,
,75,rt_004,R088,18,00:36,,
,76,rt_004,R091,19,00:37,,
,77,rt_004,R090,20,00:38,,
,78,rt_004,R067,21,00:40,,
,79,rt_005,R067,0,00:00,,
,80,rt_005,R128,1,00:04,41.158402,1.111765
,81,rt_005,R126,2,00:05,41.158375,1.111825
,82,rt_005,R125,3,00:06,,
,83,rt_005,R131,4,00:08,,
,84,rt_005,R132,5,00:12,,
,85,rt_005,S022,6,00:18,,
,86,rt_005,S031,7,00:19,,
,87,rt_005,S030,8,00:21,,
,88,rt_005,S029,9,00:23,,
,89,rt_005,S027,10,00:25,,
,90,rt_005,S033,11,00:26,,
,91,rt_005,S035,12,00:27,,
,92,rt_005,S037,13,00:28,,
,93,rt_005,R064,14,00:29,,
,94,rt_005,R031,15,00:30,,
,95,rt_005,R032,16,00:31,,
,96,rt_005,R033,17,00:33,,
,97,rt_005,R034,18,00:34,,
,98,rt_005,R035,19,00:37,,
,99,rt_005,R036,20,00:39,,
,100,rt_005,R037,21,00:43,,
,101,rt_005,R038,22,00:46,,
,102,rt_005,R107,23,00:50,,
,103,rt_005,R157,24,00:52,,
,104,rt_005,R155,25,00:54,,
,105,rt_005,R154,26,00:56,,
,106,rt_005,R156,27,00:58,,
,107,rt_006,R156,0,00:00,,
,108,rt_006,S014,1,00:03,,
,109,rt_006,R155,2,00:04,,
,110,rt_006,R157,3,00:06,,
,111,rt_006,R117,4,00:08,,
,112,rt_006,R015,5,00:11,,
,113,rt_006,R016,6,00:13,,
,114,rt_006,R158,7,00:14,,
,115,rt_006,R017,8,00:16,,
,116,rt_006,R018,9,00:21,,
,117,rt_006,R019,10,00:22,,
,118,rt_006,R020,11,00:24,,
,119,rt_006,R021,12,00:25,,
,120,rt_006,S036,13,00:27,,
,121,rt_006,S034,14,00:29,,
,122,rt_006,S032,15,00:30,,
,123,rt_006,S028,16,00:31,,
,124,rt_006,S025,17,00:32,,
,125,rt_006,S024,18,00:33,,
,126,rt_006,S039,19,00:34,,
,127,rt_006,R124,20,00:40,,
,128,rt_006,R125,21,00:41,,
,129,rt_006,R177,22,00:42,,
,130,rt_006,R127,23,00:43,,
,131,rt_006,R067,24,00:48,,
,132,rt_007,R067,0,00:00,,
,133,rt_007,R128,1,00:04,,
,134,rt_007,R126,2,00:05,,
,135,rt_007,R125,3,00:06,,
,136,rt_007,R131,4,00:08,,
,137,rt_007,R132,5,00:12,,
,138,rt_007,S022,6,00:18,,
,139,rt_007,S031,7,00:19,,
,140,rt_007,S030,8,00:21,,
,141,rt_007,S029,9,00:23,,
,142,rt_007,S027,10,00:25,,
,143,rt_007,S033,11,00:26,,
,144,rt_007,S035,12,00:27,,
,145,rt_007,S037,13,00:28,,
,146,rt_007,R064,14,00:29,,
,147,rt_007,R031,15,00:30,,
,148,rt_007,R032,16,00:31,,
,149,rt_007,R033,17,00:33,,
,150,rt_007,R034,18,00:34,,
,151,rt_007,R035,19,00:37,,
,152,rt_007,R036,20,00:39,,
,153,rt_007,R037,21,00:43,,
,154,rt_007,R038,22,00:46,,
,155,rt_007,R039,23,00:48,,
,156,rt_007,R040,24,00:49,,
,157,rt_007,R041,25,00:50,,
,158,rt_007,R042,26,00:51,,
,159,rt_007,R043,27,00:52,,
,160,rt_007,R044,28,00:53,,
,161,rt_007,R045,29,00:54,,
,162,rt_007,R046,30,00:55,,
,163,rt_007,R047,31,00:56,,
,164,rt_007,R048,32,00:57,,
,165,rt_007,R049,33,00:58,,
,166,rt_007,R050,34,00:59,,
,167,rt_007,R051,35,01:00,,
,168,rt_007,R052,36,01:01,,
,169,rt_007,R053,37,01:02,,
,170,rt_007,R054,38,01:03,,
,171,rt_007,R055,39,01:04,,
,172,rt_007,R056,40,01:05,,
,173,rt_007,R057,41,01:06,,
,174,rt_008,R001,0,00:00,,
,175,rt_008,R002,1,00:01,,
,176,rt_008,R003,2,00:02,,
,177,rt_008,R004,3,00:03,,
,178,rt_008,R005,4,00:04,,
,179,rt_008,R006,5,00:05,,
,180,rt_008,R007,6,00:06,,
,181,rt_008,R008,7,00:07,,
,182,rt_008,R009,8,00:08,,
,183,rt_008,R010,9,00:09,,
,184,rt_008,R106,10,00:10,,
,185,rt_008,R011,11,00:11,,
,186,rt_008,R012,12,00:13,,
,187,rt_008,R013,13,00:15,,
,188,rt_008,R014,14,00:16,,
,189,rt_008,R015,15,00:17,,
,190,rt_008,R016,16,00:18,,
,191,rt_008,R017,17,00:20,,
,192,rt_008,R018,18,00:28,,
,193,rt_008,R019,19,00:29,,
,194,rt_008,R020,20,00:31,,
,195,rt_008,R021,21,00:31,,
,196,rt_008,S036,22,00:33,,
,197,rt_008,S034,23,00:34,,
,198,rt_008,S032,24,00:36,,
,199,rt_008,S028,25,00:37,,
,200,rt_008,S025,26,00:38,,
,201,rt_008,S024,27,00:39,,
,202,rt_008,S039,28,00:40,,
,203,rt_008,R124,29,00:46,,
,204,rt_008,R125,30,00:47,,
,205,rt_008,R177,31,00:48,,
,206,rt_008,R127,32,00:49,,
,207,rt_008,R067,33,00:54,,
,208,rt_009A,R026,0,00:00,,
,209,rt_009A,R136,1,00:05,,
,210,rt_009A,S002,2,00:13,,
,211,rt_009A,S004,3,00:14,,
,212,rt_009A,S007,4,00:15,,
,213,rt_009A,S038,5,00:16,,
,214,rt_009A,S011,6,00:17,,
,215,rt_009A,S009,7,00:18,,
,216,rt_009B,R026,0,00:00,,
,217,rt_009B,R027,1,00:03,,
,218,rt_009B,R028,2,00:05,,
,219,rt_009B,R137,3,00:10,,
,220,rt_009B,R139,4,00:15,,
,221,rt_009B,S002,5,00:20,,
,222,rt_009B,S004,6,00:23,,
,223,rt_009B,S007,7,00:25,,
,224,rt_009B,S010,8,00:27,,
,225,rt_009B,S012,9,00:29,,
,226,rt_009C,R026,0,00:00,,
,227,rt_009C,R027,1,00:02,,
,228,rt_009C,R028,2,00:03,,
,229,rt_009C,R137,3,00:05,,
,230,rt_009C,R139,4,00:10,,
,231,rt_009C,S002,5,00:13,,
,232,rt_009C,S004,6,00:14,,
,233,rt_009C,S007,7,00:15,,
,234,rt_009D,R026,0,00:00,,
,235,rt_009D,R027,1,00:02,,
,236,rt_009D,R028,2,00:03,,
,237,rt_009D,R137,3,00:05,,
,238,rt_009D,S011,4,00:14,,
,239,rt_009D,S009,5,00:15,,
,240,rt_010A,S038,0,00:00,,
,241,rt_010A,S011,1,00:01,,
,242,rt_010A,S009,2,00:02,,
,243,rt_010A,S007,3,00:03,,
,244,rt_010A,S006,4,00:04,,
,245,rt_010A,S003,5,00:05,,
,246,rt_010A,S001,6,00:06,,
,247,rt_010A,R136,7,00:16,,
,248,rt_010A,R026,8,00:21,,
,249,rt_010B,S011,0,00:00,,
,250,rt_010B,S009,1,00:02,,
,251,rt_010B,S007,2,00:02,,
,252,rt_010B,S006,3,00:03,,
,253,rt_010B,S003,4,00:03,,
,254,rt_010B,S001,5,00:04,,
,255,rt_010B,R139,6,00:07,,
,256,rt_010B,R137,7,00:11,,
,257,rt_010B,R028,8,00:13,,
,258,rt_010B,R025,9,00:16,,
,259,rt_010B,R026,10,00:21,,
,260,rt_010C,S011,0,00:00,,
,261,rt_010C,S009,1,00:01,,
,262,rt_010C,S007,2,00:02,,
,263,rt_010C,S006,3,00:04,,
,264,rt_010C,S003,4,00:05,,
,265,rt_010C,S001,5,00:06,,
,266,rt_010C,R136,6,00:16,,
,267,rt_010C,R026,7,00:21,,
,268,rt_011A,S009,0,00:00,,
,269,rt_011A,S007,1,00:02,,
,270,rt_011A,S022,2,00:10,,
,271,rt_011A,S030,3,00:15,,
,272,rt_011A,R035,4,00:20,,
,273,rt_011A,R163,5,00:25,,
,274,rt_011A,R157,6,00:28,,
,275,rt_011A,R154,7,00:30,,
,276,rt_011A,S007,8,00:35,,
,277,rt_011A,S005,9,00:38,,
,278,rt_011A,S008,10,00:42,,
,279,rt_011A,S009,11,00:46,,
,280,rt_011B,S009,0,00:00,,
,281,rt_011B,S007,1,00:02,,
,282,rt_011B,S022,2,00:10,,
,283,rt_011B,S030,3,00:15,,
,284,rt_011B,R035,4,00:20,,
,285,rt_011B,R163,5,00:25,,
,286,rt_011B,R157,6,00:28,,
,287,rt_011B,R154,7,00:30,,
,288,rt_011B,S007,8,00:35,,
,289,rt_011B,S005,9,00:38,,
,290,rt_011B,S008,10,00:42,,
,291,rt_011B,S009,11,00:46,,
,292,rt_011C,S009,0,00:00,,
,293,rt_011C,S007,1,00:02,,
,294,rt_011C,S022,2,00:10,,
,295,rt_011C,S029,3,00:10,,
,296,rt_011C,R034,4,00:20,,
,297,rt_011C,R037,5,00:25,,
,298,rt_011D,R037,0,00:00,,
,299,rt_011D,R034,1,00:05,,
,300,rt_011D,S029,2,00:10,,
,301,rt_011D,S022,3,00:10,,
,302,rt_011D,S009,4,00:30,,
,303,rt_011E,S009,0,00:00,,
,304,rt_011E,S007,1,00:02,,
,305,rt_011E,S022,2,00:10,,
,306,rt_011E,S030,3,00:15,,
,307,rt_011E,R037,4,00:22,,
,308,rt_011E,R038,5,00:23,,
,309,rt_011E,R040,6,00:24,,
,310,rt_011E,R065,7,00:26,,
,311,rt_011E,R161,8,00:29,,
,312,rt_011E,R163,9,00:31,,
,313,rt_011E,R157,10,00:33,,
,314,rt_011E,R154,11,00:36,,
,315,rt_011E,S007,12,00:41,,
,316,rt_011E,S005,13,00:44,,
,317,rt_011E,S008,14,00:48,,
,318,rt_011E,S009,15,00:52,,
,319,rt_011F,S009,0,00:00,,
,320,rt_011F,S007,1,00:02,,
,321,rt_011F,S022,2,00:10,,
,322,rt_011F,S030,3,00:15,,
,323,rt_011F,R037,4,00:22,,
,324,rt_011F,R038,5,00:23,,
,325,rt_011F,R040,6,00:24,,
,326,rt_011F,R065,7,00:26,,
,327,rt_011F,R161,8,00:29,,
,328,rt_011F,R163,9,00:31,,
,329,rt_011F,R157,10,00:34,,
,330,rt_011F,R154,11,00:36,,
,331,rt_011F,S007,12,00:41,,
,332,rt_011F,S005,13,00:44,,
,333,rt_011F,S008,14,00:48,,
,334,rt_011F,S009,15,00:52,,
,335,rt_012,R067,0,00:00,,
,336,rt_012,S002,1,00:13,,
,337,rt_012,S004,2,00:14,,
,338,rt_012,S010,3,00:16,,
,339,rt_012,S012,4,00:17,,
,340,rt_012,R149,5,00:19,,
,341,rt_012,R059,6,00:21,,
,342,rt_012,R060,7,00:22,,
,343,rt_013,R060,0,00:00,,
,344,rt_013,R065,1,00:01,,
,345,rt_013,R066,2,00:03,,
,346,rt_013,R078,3,00:08,,
,347,rt_013,S011,4,00:10,,
,348,rt_013,S009,5,00:11,,
,349,rt_013,S007,6,00:12,,
,350,rt_013,S006,7,00:12,,
,351,rt_013,S003,8,00:13,,
,352,rt_013,S001,9,00:14,,
,353,rt_013,R067,10,00:30,,
,354,rt_014,R001,0,00:00,,
,355,rt_014,R002,1,00:01,,
,356,rt_014,R003,2,00:02,,
,357,rt_014,R004,3,00:03,,
,358,rt_014,R005,4,00:04,,
,359,rt_014,R006,5,00:05,,
,360,rt_014,R007,6,00:06,,
,361,rt_014,R008,7,00:07,,
,362,rt_014,R009,8,00:08,,
,363,rt_014,R010,9,00:09,,
,364,rt_014,R106,10,00:10,,
,365,rt_014,R011,11,00:11,,
,366,rt_014,R012,12,00:12,,
,367,rt_014,R013,13,00:15,,
,368,rt_014,R014,14,00:16,,
,369,rt_014,R015,15,00:17,,
,370,rt_014,R016,16,00:18,,
,371,rt_014,R017,17,00:20,,
,372,rt_014,R018,18,00:28,,
,373,rt_014,R019,19,00:29,,
,374,rt_014,R020,20,00:31,,
,375,rt_014,R021,21,00:31,,
,376,rt_014,S036,23,00:33,,
,377,rt_014,S034,24,00:34,,
,378,rt_014,S032,25,00:36,,
,379,rt_014,S028,26,00:37,,
,380,rt_014,S025,27,00:38,,
,381,rt_014,S024,28,00:39,,
,382,rt_014,S039,29,00:40,,
,383,rt_014,R023,30,00:48,,
,384,rt_014,R024,31,00:52,,
,385,rt_014,R025,32,00:55,,
,386,rt_014,R026,33,00:56,,
,387,rt_015,R026,0,00:00,,
,388,rt_015,R027,1,00:02,,
,389,rt_015,R028,2,00:03,,
,390,rt_015,S018,3,00:09,,
,391,rt_015,S022,4,00:15,,
,392,rt_015,S031,5,00:16,,
,393,rt_015,S030,6,00:17,,
,394,rt_015,S029,7,00:18,,
,395,rt_015,S027,8,00:19,,
,396,rt_015,S033,9,00:20,,
,397,rt_015,S035,10,00:21,,
,398,rt_015,S037,11,00:22,,
,399,rt_015,R064,12,00:25,,
,400,rt_015,R031,13,00:26,,
,401,rt_015,R032,14,00:27,,
,402,rt_015,R033,15,00:28,,
,403,rt_015,R034,16,00:30,,
,404,rt_015,R035,17,00:37,,
,405,rt_015,R036,18,00:38,,
,406,rt_015,R037,19,00:40,,
,407,rt_015,R038,20,00:41,,
,408,rt_015,R039,21,00:43,,
,409,rt_015,R040,22,00:44,,
,410,rt_015,R041,23,00:45,,
,411,rt_015,R042,24,00:46,,
,412,rt_015,R043,25,00:47,,
,413,rt_015,R044,26,00:48,,
,414,rt_015,R045,27,00:49,,
,415,rt_015,R046,28,00:50,,
,416,rt_015,R047,29,00:51,,
,417,rt_015,R048,30,00:52,,
,418,rt_015,R049,31,00:53,,
,419,rt_015,R050,32,00:54,,
,420,rt_015,R051,33,00:55,,
,421,rt_015,R052,34,00:56,,
,422,rt_015,R053,35,00:57,,
,423,rt_015,R054,36,00:58,,
,424,rt_015,R055,37,00:59,,
,425,rt_015,R056,38,01:00,,
,426,rt_015,R057,39,01:01,,
,427,rt_018,R058,0,00:00,,
,428,rt_018,R059,1,00:15,,
,429,rt_018,R060,2,00:17,,
,430,rt_018,R013,3,00:20,,
,431,rt_018,R014,4,00:25,,
,432,rt_018,R015,5,00:28,,
,433,rt_018,R016,6,00:30,,
,434,rt_018,R158,7,00:32,,
,435,rt_018,R017,8,00:34,,
,436,rt_018,R018,9,00:39,,
,437,rt_018,R019,10,00:41,,
,438,rt_018,R020,11,00:43,,
,439,rt_018,R022,12,00:49,,
,440,rt_018,S036,13,00:51,,
,441,rt_018,S034,14,00:53,,
,442,rt_018,S032,15,00:54,,
,443,rt_018,S028,16,00:55,,
,444,rt_018,S025,17,00:56,,
,445,rt_018,S024,18,00:58,,
,446,rt_019,S031,0,00:00,,
,447,rt_019,S030,1,00:01,,
,448,rt_019,S029,2,00:03,,
,449,rt_019,S033,3,00:05,,
,450,rt_019,S035,4,00:07,,
,451,rt_019,S037,5,00:09,,
,452,rt_019,R064,6,00:11,,
,453,rt_019,R032,7,00:13,,
,454,rt_019,R033,8,00:15,,
,455,rt_019,R034,9,00:17,,
,456,rt_019,R035,10,00:19,,
,457,rt_019,R036,11,00:21,,
,458,rt_019,R037,12,00:23,,
,459,rt_019,R038,13,00:25,,
,460,rt_019,R039,14,00:27,,
,461,rt_019,R041,15,00:29,,
,462,rt_019,R042,16,00:31,,
,463,rt_019,R065,17,00:33,,
,464,rt_019,R066,18,00:35,,
,465,rt_019,R058,19,00:59,,
,466,rt_020,R105,0,00:00,,
,467,rt_020,R001,1,00:01,,
,468,rt_020,R002,2,00:02,,
,469,rt_020,R003,3,00:03,,
,470,rt_020,R004,4,00:04,,
,471,rt_020,R005,5,00:05,,
,472,rt_020,R006,6,00:06,,
,473,rt_020,R007,7,00:07,,
,474,rt_020,R008,8,00:07,,
,475,rt_020,R009,9,00:08,,
,476,rt_020,R010,10,00:08,,
,477,rt_020,R106,11,00:09,,
,478,rt_020,R011,12,00:10,,
,479,rt_020,R012,13,00:10,,
,480,rt_020,R013,14,00:11,,
,481,rt_020,R014,15,00:11,,
,482,rt_020,R107,16,00:15,,
,483,rt_020,R108,17,00:20,,
,484,rt_020,S009,18,00:30,,
,485,rt_020,R026,19,00:45,,
,486,rt_020,R110,20,00:48,,
,487,rt_020,R111,21,00:49,,
,488,rt_020,R112,22,01:12,,
,489,rt_020,R113,23,01:21,,
,490,rt_020,R114,24,01:25,,
,491,rt_021,R114,0,00:00,,
,492,rt_021,R115,1,00:03,,
,493,rt_021,R110,2,00:19,,
,494,rt_021,R026,3,00:25,,
,495,rt_021,S009,4,00:45,,
,496,rt_021,R107,5,00:55,,
,497,rt_021,R108,6,00:56,,
,498,rt_021,R117,7,00:57,,
,499,rt_021,R039,8,00:58,,
,500,rt_021,R040,9,01:00,,
,501,rt_021,R041,10,01:01,,
,502,rt_021,R042,11,01:02,,
,503,rt_021,R043,12,01:03,,
,504,rt_021,R012,13,01:04,,
,505,rt_021,R044,14,01:10,,
,506,rt_021,R045,15,01:10,,
,507,rt_021,R046,16,01:11,,
,508,rt_021,R047,17,01:11,,
,509,rt_021,R048,18,01:12,,
,510,rt_021,R049,19,01:13,,
,511,rt_021,R134,20,01:14,,
,512,rt_021,R050,21,01:15,,
,513,rt_021,R051,22,01:16,,
,514,rt_021,R052,23,01:17,,
,515,rt_021,R053,24,01:18,,
,516,rt_021,R054,25,01:19,,
,517,rt_021,R056,26,01:20,,
,518,rt_021,R105,27,01:30,,
,519,rt_022,S031,0,00:00,,
,520,rt_022,S030,1,00:01,,
,521,rt_022,S029,2,00:03,,
,522,rt_022,S033,3,00:05,,
,523,rt_022,S035,4,00:06,,
,524,rt_022,S037,5,00:07,,
,525,rt_022,R064,6,00:08,,
,526,rt_022,R031,7,00:09,,
,527,rt_022,R032,8,00:10,,
,528,rt_022,R033,9,00:11,,
,529,rt_022,R034,10,00:12,,
,530,rt_022,R035,11,00:17,,
,531,rt_022,R036,12,00:18,,
,532,rt_022,R037,13,00:19,,
,533,rt_022,R038,14,00:22,,
,534,rt_022,R039,15,00:25,,
,535,rt_022,R040,16,00:26,,
,536,rt_022,R041,17,00:27,,
,537,rt_022,R042,18,00:28,,
,538,rt_022,R065,19,00:32,,
,539,rt_022,R066,20,00:33,,
,540,rt_022,R114,21,01:00,,
,541,rt_023,R114,0,00:00,,
,542,rt_023,R059,1,00:20,,
,543,rt_023,R060,2,00:25,,
,544,rt_023,R013,3,00:30,,
,545,rt_023,R014,4,00:34,,
,546,rt_023,R015,5,00:36,,
,547,rt_023,R016,6,00:37,,
,548,rt_023,R158,7,00:38,,
,549,rt_023,R017,8,00:39,,
,550,rt_023,R018,9,00:47,,
,551,rt_023,R019,10,00:48,,
,552,rt_023,R020,11,00:49,,
,553,rt_023,R021,12,00:50,,
,554,rt_023,S036,13,00:52,,
,555,rt_023,S034,14,00:53,,
,556,rt_023,S032,15,00:54,,
,557,rt_023,S028,16,00:55,,
,558,rt_023,S025,17,00:56,,
,559,rt_023,S024,18,00:58,,
,560,rt_026A,R164,0,00:00,,
,561,rt_026A,R185,1,00:01,,
,562,rt_026A,R165,2,00:10,,
,563,rt_026A,R186,3,00:15,,
,564,rt_026A,R187,4,00:16,,
,565,rt_026A,S022,5,01:50,,
,566,rt_026A,S031,6,01:51,,
,567,rt_026A,S030,7,01:52,,
,568,rt_026A,S029,8,01:54,,
,569,rt_026A,S033,9,01:55,,
,570,rt_026A,S035,10,01:56,,
,571,rt_026A,S037,11,01:57,,
,572,rt_026B,R164,0,00:00,,
,573,rt_026B,R184,1,00:10,,
,574,rt_026B,R168,2,00:25,,
,575,rt_026B,R169,3,00:40,,
,576,rt_026B,S022,4,02:05,,
,577,rt_026B,S031,5,02:06,,
,578,rt_026B,S030,6,02:07,,
,579,rt_026B,S029,7,02:08,,
,580,rt_026B,S033,8,02:09,,
,581,rt_026B,S035,9,02:10,,
,582,rt_026B,S037,10,02:11,,
,583,rt_026C,R164,0,00:00,,
,584,rt_026C,R185,1,00:01,,
,585,rt_026C,R165,2,00:05,,
,586,rt_026C,R186,3,00:15,,
,587,rt_026C,R187,4,00:16,,
,588,rt_026C,R168,5,00:35,,
,589,rt_026C,R169,6,00:50,,
,590,rt_026C,S022,7,02:15,,
,591,rt_026C,S031,8,02:16,,
,592,rt_026C,S030,9,02:17,,
,593,rt_026C,S029,10,02:18,,
,594,rt_026C,S033,11,02:19,,
,595,rt_026C,S035,12,02:20,,
,596,rt_026C,S037,13,02:21,,
,597,rt_026D,R164,0,00:00,,
,598,rt_026D,R184,1,00:10,,
,599,rt_026D,R168,2,00:25,,
,600,rt_026D,R169,3,00:40,,
,601,rt_026D,S022,4,02:20,,
,602,rt_026D,S031,5,02:21,,
,603,rt_026D,S030,6,02:22,,
,604,rt_026D,S029,7,02:23,,
,605,rt_026D,S033,8,02:24,,
,606,rt_026D,S035,9,02:25,,
,607,rt_026D,S037,10,02:26,,
,608,rt_026E,R164,0,00:00,,
,609,rt_026E,R185,1,00:01,,
,610,rt_026E,R165,2,00:05,,
,611,rt_026E,R186,3,00:20,,
,612,rt_026E,R187,4,00:21,,
,613,rt_026E,R168,5,00:40,,
,614,rt_026E,R169,6,00:55,,
,615,rt_026E,S022,7,02:20,,
,616,rt_026E,S031,8,02:21,,
,617,rt_026E,S030,9,02:22,,
,618,rt_026E,S029,10,02:23,,
,619,rt_026E,S033,11,02:24,,
,620,rt_026E,S035,12,02:25,,
,621,rt_026E,S037,13,02:26,,
,622,rt_026F,R164,0,00:00,,
,623,rt_026F,R184,1,00:10,,
,624,rt_026F,R168,2,00:25,,
,625,rt_026F,R169,3,00:40,,
,626,rt_026F,S022,4,02:05,,
,627,rt_026F,S031,5,02:06,,
,628,rt_026F,S030,6,02:07,,
,629,rt_026F,S029,7,02:08,,
,630,rt_026F,S033,8,02:09,,
,631,rt_026F,S035,9,02:10,,
,632,rt_026F,S037,10,02:11,,
,633,rt_026G,R164,0,00:00,,
,634,rt_026G,R185,1,00:01,,
,635,rt_026G,R165,2,00:05,,
,636,rt_026G,R186,3,00:10,,
,637,rt_026G,R187,4,00:11,,
,638,rt_026G,R168,5,00:35,,
,639,rt_026G,R169,6,00:50,,
,640,rt_026G,S022,7,02:15,,
,641,rt_026G,S031,8,02:16,,
,642,rt_026G,S030,9,02:17,,
,643,rt_026G,S029,10,02:18,,
,644,rt_026G,S033,11,02:19,,
,645,rt_026G,S035,12,02:20,,
,646,rt_026G,S037,13,02:21,,
,647,rt_026H,R164,0,00:00,,
,648,rt_026H,R185,1,00:01,,
,649,rt_026H,R165,2,00:05,,
,650,rt_026H,R186,3,00:10,,
,651,rt_026H,R187,4,00:11,,
,652,rt_026H,R168,5,00:30,,
,653,rt_026H,R169,6,00:45,,
,654,rt_026H,S022,7,02:10,,
,655,rt_026H,S031,8,02:11,,
,656,rt_026H,S030,9,02:12,,
,657,rt_026H,S029,10,02:13,,
,658,rt_026H,S033,11,02:14,,
,659,rt_026H,S035,12,02:15,,
,660,rt_026H,S037,13,02:16,,
,661,rt_026I,R164,0,00:00,,
,662,rt_026I,R184,1,00:10,,
,663,rt_026I,R168,2,00:25,,
,664,rt_026I,R169,3,00:50,,
,665,rt_026I,S022,4,02:05,,
,666,rt_026I,S031,5,02:06,,
,667,rt_026I,S030,6,02:07,,
,668,rt_026I,S029,7,02:08,,
,669,rt_026I,S033,8,02:09,,
,670,rt_026I,S035,9,02:10,,
,671,rt_026I,S037,10,02:11,,
,672,rt_027A,S036,0,00:00,,
,673,rt_027A,S034,1,00:01,,
,674,rt_027A,S032,2,00:02,,
,675,rt_027A,S028,3,00:05,,
,676,rt_027A,S025,4,00:06,,
,677,rt_027A,S024,5,00:07,,
,678,rt_027A,R169,6,01:30,,
,679,rt_027A,R168,7,01:45,,
,680,rt_027A,R178,8,02:00,,
,681,rt_027A,R180,9,02:05,,
,682,rt_027A,R164,10,02:10,,
,683,rt_027B,S036,0,00:00,,
,684,rt_027B,S028,1,00:05,,
,685,rt_027B,S024,2,00:07,,
,686,rt_027B,R169,3,01:40,,
,687,rt_027B,R168,4,01:55,,
,688,rt_027B,R178,5,02:10,,
,689,rt_027B,R180,6,02:15,,
,690,rt_027B,R164,7,02:20,,
,691,rt_027C,S036,0,00:00,,
,692,rt_027C,S028,1,00:05,,
,693,rt_027C,S024,2,00:07,,
,694,rt_027C,R169,3,01:40,,
,695,rt_027C,R168,4,01:55,,
,696,rt_027C,R178,5,02:15,,
,697,rt_027C,R180,6,02:20,,
,698,rt_027C,R164,7,02:25,,
,699,rt_027D,S036,0,00:00,,
,700,rt_027D,S028,1,00:05,,
,701,rt_027D,S024,2,00:07,,
,702,rt_027D,R169,3,01:35,,
,703,rt_027D,R168,4,01:50,,
,704,rt_027D,R178,5,02:10,,
,705,rt_027D,R180,6,02:15,,
,706,rt_027D,R164,7,02:20,,
,707,rt_027E,S036,0,00:00,,
,708,rt_027E,S028,1,00:05,,
,709,rt_027E,S024,2,00:07,,
,710,rt_027E,R169,3,02:00,,
,711,rt_027E,R168,4,02:15,,
,712,rt_027E,R179,5,02:30,,
,713,rt_027E,R182,6,02:35,,
,714,rt_027E,R180,7,02:45,,
,715,rt_027E,R164,8,02:50,,
,716,rt_027F,S036,0,00:00,,
,717,rt_027F,S028,1,00:10,,
,718,rt_027F,S024,2,00:12,,
,719,rt_027F,R169,3,01:40,,
,720,rt_027F,R168,4,01:55,,
,721,rt_027F,R178,5,02:15,,
,722,rt_027F,R180,6,02:20,,
,723,rt_027F,R164,7,02:25,,
,724,rt_027G,S036,0,00:00,,
,725,rt_027G,S028,1,00:10,,
,726,rt_027G,S024,2,00:12,,
,727,rt_027G,R169,3,01:40,,
,728,rt_027G,R168,4,01:55,,
,729,rt_027G,R179,5,02:15,,
,730,rt_027G,R182,6,02:20,,
,731,rt_027G,R180,7,02:30,,
,732,rt_027G,R164,8,02:35,,
,733,rt_027H,S036,0,00:00,,
,734,rt_027H,S028,1,00:10,,
,735,rt_027H,S024,2,00:12,,
,736,rt_027H,R169,3,01:45,,
,737,rt_027H,R168,4,01:55,,
,738,rt_027H,R178,5,02:15,,
,739,rt_027H,R180,6,02:20,,
,740,rt_027H,R164,7,02:25,,
,741,rt_027I,S036,0,00:00,,
,742,rt_027I,S028,1,00:10,,
,743,rt_027I,S024,2,00:12,,
,744,rt_027I,R169,3,01:55,,
,745,rt_027I,R168,4,02:05,,
,746,rt_027I,R178,5,02:25,,
,747,rt_027I,R180,6,02:30,,
,748,rt_027I,R164,7,02:35,,
,749,rt_027J,S036,0,00:00,,
,750,rt_027J,S028,1,00:10,,
,751,rt_027J,S024,2,00:12,,
,752,rt_027J,R179,3,02:04,,
,753,rt_027J,R182,4,02:05,,
,754,rt_027J,R180,5,02:08,,
,755,rt_027J,R164,6,02:10,,
,756,rt_028A,S007,0,00:00,,
,757,rt_028A,S016,1,00:01,,
,758,rt_028A,S018,2,00:04,,
,759,rt_028A,S020,3,00:08,,
,760,rt_028A,S021,4,00:09,,
,761,rt_028A,S022,5,00:10,,
,762,rt_028A,S030,6,00:11,,
,763,rt_028A,S029,7,00:13,,
,764,rt_028A,S027,8,00:14,,
,765,rt_028A,S035,9,00:16,,
,766,rt_028B,S007,0,00:00,,
,767,rt_028B,S016,1,00:01,,
,768,rt_028B,S018,2,00:04,,
,769,rt_028B,S020,3,00:08,,
,770,rt_028B,S021,4,00:09,,
,771,rt_028B,S022,5,00:10,,
,772,rt_028B,S030,6,00:11,,
,773,rt_028B,S029,7,00:13,,
,774,rt_028B,S027,8,00:14,,
,775,rt_028B,S035,9,00:16,,
,776,rt_029A,S035,0,00:00,,
,777,rt_029A,S028,1,00:03,,
,778,rt_029A,S025,2,00:04,,
,779,rt_029A,S024,3,00:05,,
,780,rt_029A,S039,4,00:07,,
,781,rt_029A,S021,5,00:08,,
,782,rt_029A,S020,6,00:09,,
,783,rt_029A,S019,7,00:13,,
,784,rt_029A,S016,8,00:16,,
,785,rt_029A,S007,9,00:18,,
,786,rt_029B,S035,0,00:00,,
,787,rt_029B,S028,1,00:03,,
,788,rt_029B,S025,2,00:04,,
,789,rt_029B,S024,3,00:05,,
,790,rt_029B,S039,4,00:07,,
,791,rt_029B,S021,5,00:08,,
,792,rt_029B,S020,6,00:09,,
,793,rt_029B,S019,7,00:13,,
,794,rt_029B,S016,8,00:16,,
,795,rt_029B,S007,9,00:18,,
,796,rt_030A,S007,0,00:00,,
,797,rt_030A,S013,1,00:02,,
,798,rt_030A,S016,2,00:03,,
,799,rt_030A,S018,3,00:06,,
,800,rt_030A,S020,4,00:10,,
,801,rt_030A,S021,5,00:11,,
,802,rt_030A,S022,6,00:12,,
,803,rt_030A,S030,7,00:13,,
,804,rt_030A,S029,8,00:15,,
,805,rt_030A,S027,9,00:16,,
,806,rt_030A,S035,10,00:18,,
,807,rt_030B,S035,0,00:00,,
,808,rt_030B,S028,1,00:03,,
,809,rt_030B,S025,2,00:04,,
,810,rt_030B,S024,3,00:05,,
,811,rt_030B,S039,4,00:07,,
,812,rt_030B,S021,5,00:08,,
,813,rt_030B,S020,6,00:09,,
,814,rt_030B,S019,7,00:13,,
,815,rt_030B,S016,8,00:16,,
,816,rt_030B,S013,9,00:18,,
,817,rt_030B,S007,10,00:20,,
