Línea,Número Tren,Código Estación,Hora de Paso,Estación Destino,Calendario
R15,15001 RE,t_001,06:45,Reus,laborable
R15,15001 RE,t_002,06:56,Reus,laborable
R15,15001 RE,t_003,07:03,Reus,laborable
R15,15001 RE,t_004,07:36,Reus,laborable
R15,15001 RE,t_005,07:49,Reus,laborable
R15,15001 RE,t_006,07:59,Reus,laborable
R15,15001 RE,t_007,08:02,Reus,laborable
R15,15001 RE,t_008,08:14,Reus,laborable
R15,15001 RE,t_010,08:22,Reus,laborable
R15,15001 RE,t_011,08:33,Reus,laborable
R15,15003 RE,t_001,07:45,Reus,diario
R15,15003 RE,t_002,07:56,Reus,diario
R15,15003 RE,t_003,08:03,Reus,diario
R15,15003 RE,t_004,08:36,Reus,diario
R15,15003 RE,t_005,08:49,Reus,diario
R15,15003 RE,t_006,08:59,Reus,diario
R15,15003 RE,t_007,09:02,Reus,diario
R15,15003 RE,t_008,09:14,Reus,diario
R15,15003 RE,t_010,09:22,Reus,diario
R15,15003 RE,t_011,09:33,Reus,diario
R15,15005 RE,t_001,09:45,Reus,diario
R15,15005 RE,t_002,09:56,Reus,diario
R15,15005 RE,t_003,10:03,Reus,diario
R15,15005 RE,t_004,10:36,Reus,diario
R15,15005 RE,t_005,10:49,Reus,diario
R15,15005 RE,t_006,10:59,Reus,diario
R15,15005 RE,t_007,11:02,Reus,diario
R15,15005 RE,t_008,11:14,Reus,diario
R15,15005 RE,t_010,11:22,Reus,diario
R15,15005 RE,t_011,11:33,Reus,diario
R15,15007 RE,t_001,10:45,Reus,diario
R15,15007 RE,t_002,10:56,Reus,diario
R15,15007 RE,t_003,11:03,Reus,diario
R15,15007 RE,t_004,11:36,Reus,diario
R15,15007 RE,t_005,11:49,Reus,diario
R15,15007 RE,t_006,11:59,Reus,diario
R15,15007 RE,t_007,12:02,Reus,diario
R15,15007 RE,t_008,12:14,Reus,diario
R15,15007 RE,t_010,12:22,Reus,diario
R15,15007 RE,t_011,12:33,Reus,diario
R15,15011 RE,t_001,14:15,Reus,diario
R15,15011 RE,t_002,14:26,Reus,diario
R15,15011 RE,t_003,14:33,Reus,diario
R15,15011 RE,t_004,15:06,Reus,diario
R15,15011 RE,t_005,15:19,Reus,diario
R15,15011 RE,t_006,15:29,Reus,diario
R15,15011 RE,t_007,15:32,Reus,diario
R15,15011 RE,t_008,15:44,Reus,diario
R15,15011 RE,t_010,15:52,Reus,diario
R15,15011 RE,t_011,16:03,Reus,diario
R15,15013 RE,t_001,15:15,Reus,diario
R15,15013 RE,t_002,15:26,Reus,diario
R15,15013 RE,t_003,15:33,Reus,diario
R15,15013 RE,t_004,16:06,Reus,diario
R15,15013 RE,t_005,16:19,Reus,diario
R15,15013 RE,t_006,16:29,Reus,diario
R15,15013 RE,t_007,16:32,Reus,diario
R15,15013 RE,t_008,16:44,Reus,diario
R15,15013 RE,t_010,16:52,Reus,diario
R15,15013 RE,t_011,17:03,Reus,diario
R15,15017 RE,t_001,18:15,Reus,diario
R15,15017 RE,t_002,18:26,Reus,diario
R15,15017 RE,t_003,18:33,Reus,diario
R15,15017 RE,t_004,19:06,Reus,diario
R15,15017 RE,t_005,19:19,Reus,diario
R15,15017 RE,t_006,19:29,Reus,diario
R15,15017 RE,t_007,19:32,Reus,diario
R15,15017 RE,t_008,19:44,Reus,diario
R15,15017 RE,t_010,19:52,Reus,diario
R15,15017 RE,t_011,20:03,Reus,diario
R15,15021 RE,t_001,21:15,Reus,diario
R15,15021 RE,t_002,21:26,Reus,diario
R15,15021 RE,t_003,21:33,Reus,diario
R15,15021 RE,t_004,22:06,Reus,diario
R15,15021 RE,t_005,22:19,Reus,diario
R15,15021 RE,t_006,22:29,Reus,diario
R15,15021 RE,t_007,22:32,Reus,diario
R15,15021 RE,t_008,22:44,Reus,diario
R15,15021 RE,t_010,22:52,Reus,diario
R15,15021 RE,t_011,23:03,Reus,diario
R15,15023 RE,t_001,21:45,Reus,diario
R15,15023 RE,t_002,21:56,Reus,diario
R15,15023 RE,t_003,22:03,Reus,diario
R15,15023 RE,t_004,22:36,Reus,diario
R15,15023 RE,t_005,22:49,Reus,diario
R15,15023 RE,t_006,22:59,Reus,diario
R15,15023 RE,t_007,23:02,Reus,diario
R15,15023 RE,t_008,23:14,Reus,diario
R15,15023 RE,t_010,23:22,Reus,diario
R15,15023 RE,t_011,23:33,Reus,diario
R15,15033 RE,t_001,13:45,Reus,diario
R15,15033 RE,t_002,13:56,Reus,diario
R15,15033 RE,t_003,14:03,Reus,diario
R15,15033 RE,t_004,14:36,Reus,diario
R15,15033 RE,t_005,14:49,Reus,diario
R15,15033 RE,t_006,14:59,Reus,diario
R15,15033 RE,t_007,15:02,Reus,diario
R15,15033 RE,t_008,15:14,Reus,diario
R15,15033 RE,t_010,15:22,Reus,diario
R15,15033 RE,t_011,15:35,Reus,diario
R15,15039 RE,t_001,19:45,Reus,diario
R15,15039 RE,t_002,19:56,Reus,diario
R15,15039 RE,t_003,20:03,Reus,diario
R15,15039 RE,t_004,20:36,Reus,diario
R15,15039 RE,t_005,20:49,Reus,diario
R15,15039 RE,t_006,20:59,Reus,diario
R15,15039 RE,t_007,21:02,Reus,diario
R15,15039 RE,t_008,21:14,Reus,diario
R15,15039 RE,t_010,21:22,Reus,diario
R15,15039 RE,t_011,21:35,Reus,diario
R14,15051 R,t_008,05:54,Reus,diario
R14,15051 R,t_010,06:02,Reus,diario
R14,15051 R,t_011,06:15,Reus,diario
R14,15053 RE,t_001,11:45,Reus,diario
R14,15053 RE,t_002,11:56,Reus,diario
R14,15053 RE,t_003,12:03,Reus,diario
R14,15053 RE,t_005,12:49,Reus,diario
R14,15053 RE,t_006,12:59,Reus,diario
R14,15053 RE,t_007,13:02,Reus,diario
R14,15053 RE,t_008,13:14,Reus,diario
R14,15053 RE,t_010,13:22,Reus,diario
R14,15053 RE,t_011,13:35,Reus,diario
R14,15055 R,t_001,20:15,Reus,diario
R14,15055 R,t_002,20:26,Reus,diario
R14,15055 R,t_003,20:33,Reus,diario
R14,15055 R,t_005,21:19,Reus,diario
R14,15055 R,t_006,21:29,Reus,diario
R14,15055 R,t_007,21:32,Reus,diario
R14,15055 R,t_008,21:44,Reus,diario
R14,15055 R,t_010,21:52,Reus,diario
R14,15055 R,t_011,22:05,Reus,diario
R17,15061 RE,t_001,08:15,Tarragona,diario
R17,15061 RE,t_002,08:26,Tarragona,diario
R17,15061 RE,t_003,08:33,Tarragona,diario
R17,15061 RE,t_004,09:06,Tarragona,diario
R17,15061 RE,t_005,09:19,Tarragona,diario
R17,15061 RE,t_006,09:29,Tarragona,diario
R17,15061 RE,t_007,09:32,Tarragona,diario
R17,15061 RE,t_008,09:44,Tarragona,diario
R17,15063 RE,t_001,10:15,Tarragona,diario
R17,15063 RE,t_002,10:26,Tarragona,diario
R17,15063 RE,t_003,10:33,Tarragona,diario
R17,15063 RE,t_004,11:06,Tarragona,diario
R17,15063 RE,t_005,11:19,Tarragona,diario
R17,15063 RE,t_006,11:29,Tarragona,diario
R17,15063 RE,t_007,11:32,Tarragona,diario
R17,15063 RE,t_008,11:44,Tarragona,diario
R17,15065 RE,t_001,12:15,Tarragona,diario
R17,15065 RE,t_002,12:26,Tarragona,diario
R17,15065 RE,t_003,12:33,Tarragona,diario
R17,15065 RE,t_004,13:06,Tarragona,diario
R17,15065 RE,t_005,13:19,Tarragona,diario
R17,15065 RE,t_006,13:29,Tarragona,diario
R17,15065 RE,t_007,13:32,Tarragona,diario
R17,15065 RE,t_008,13:44,Tarragona,diario
,15201 R,t_008,05:40,Reus,laborable
,15201 R,t_010,05:48,Reus,laborable
,15201 R,t_011,06:01,Reus,laborable
,15203 R,t_008,08:10,Reus,diario
,15203 R,t_010,08:18,Reus,diario
,15203 R,t_011,08:31,Reus,diario
,15205 R,t_008,15:40,Reus,diario
,15205 R,t_010,15:48,Reus,diario
,15205 R,t_011,16:01,Reus,diario
RT1,15209 RE,t_008,20:08,Reus,diario
RT1,15209 RE,t_010,20:16,Reus,diario
RT1,15209 RE,t_011,20:29,Reus,diario
MD,15311 RE,t_018,09:21,Caspe,diario
MD,15311 RE,t_019,09:36,Caspe,diario
MD,15311 RE,t_020,09:43,Caspe,diario
MD,15311 RE,t_021,09:50,Caspe,diario
MD,15311 RE,t_022,10:02,Caspe,diario
MD,15311 RE,t_023,10:11,Caspe,diario
MD,15311 RE,t_024,10:20,Caspe,diario
MD,15311 RE,t_025,10:39,Caspe,diario
R16,18055 RE,t_001,19:15,Vila-seca,diario
R16,18055 RE,t_002,19:26,Vila-seca,diario
R16,18055 RE,t_003,19:33,Vila-seca,diario
R16,18055 RE,t_005,20:19,Vila-seca,diario
R16,18055 RE,t_006,20:29,Vila-seca,diario
R16,18055 RE,t_007,20:32,Vila-seca,diario
R16,18055 RE,t_008,20:44,Vila-seca,diario
R16,18055 RE,t_010,20:52,Vila-seca,diario
MD,18093 RE,t_001,09:15,Vila-seca,diario
MD,18093 RE,t_002,09:26,Vila-seca,diario
MD,18093 RE,t_003,09:33,Vila-seca,diario
MD,18093 RE,t_004,10:06,Vila-seca,diario
MD,18093 RE,t_005,10:19,Vila-seca,diario
MD,18093 RE,t_006,10:29,Vila-seca,diario
MD,18093 RE,t_007,10:32,Vila-seca,diario
MD,18093 RE,t_008,10:44,Vila-seca,diario
MD,18093 RE,t_010,10:52,Vila-seca,diario
R16,18121 RE,t_001,05:45,Vila-seca,diario
R16,18121 RE,t_002,05:56,Vila-seca,diario
R16,18121 RE,t_003,06:03,Vila-seca,diario
R16,18121 RE,t_005,06:49,Vila-seca,diario
R16,18121 RE,t_006,06:59,Vila-seca,diario
R16,18121 RE,t_007,07:02,Vila-seca,diario
R16,18121 RE,t_008,07:14,Vila-seca,diario
R16,18121 RE,t_010,07:22,Vila-seca,diario
R16,18123 RE,t_001,07:15,Vila-seca,diario
R16,18123 RE,t_002,07:26,Vila-seca,diario
R16,18123 RE,t_003,07:33,Vila-seca,diario
R16,18123 RE,t_005,08:19,Vila-seca,diario
R16,18123 RE,t_006,08:29,Vila-seca,diario
R16,18123 RE,t_007,08:32,Vila-seca,diario
R16,18123 RE,t_008,08:44,Vila-seca,diario
R16,18123 RE,t_010,08:52,Vila-seca,diario
R16,18125 RE,t_001,11:15,Vila-seca,diario
R16,18125 RE,t_002,11:26,Vila-seca,diario
R16,18125 RE,t_003,11:33,Vila-seca,diario
R16,18125 RE,t_005,12:19,Vila-seca,diario
R16,18125 RE,t_006,12:29,Vila-seca,diario
R16,18125 RE,t_007,12:32,Vila-seca,diario
R16,18125 RE,t_008,12:44,Vila-seca,diario
R16,18125 RE,t_010,12:52,Vila-seca,diario
R16,18127 RE,t_001,13:15,Vila-seca,diario
R16,18127 RE,t_002,13:26,Vila-seca,diario
R16,18127 RE,t_003,13:33,Vila-seca,diario
R16,18127 RE,t_005,14:19,Vila-seca,diario
R16,18127 RE,t_006,14:29,Vila-seca,diario
R16,18127 RE,t_007,14:32,Vila-seca,diario
R16,18127 RE,t_008,14:44,Vila-seca,diario
R16,18127 RE,t_010,14:52,Vila-seca,diario
R16,18129 R,t_001,14:45,Vila-seca,diario
R16,18129 R,t_002,14:56,Vila-seca,diario
R16,18129 R,t_003,15:03,Vila-seca,diario
R16,18129 R,t_005,15:49,Vila-seca,diario
R16,18129 R,t_006,15:59,Vila-seca,diario
R16,18129 R,t_007,16:02,Vila-seca,diario
R16,18129 R,t_008,16:14,Vila-seca,diario
R16,18129 R,t_010,16:22,Vila-seca,diario
R16,18131 RE,t_001,16:15,Vila-seca,diario
R16,18131 RE,t_002,16:26,Vila-seca,diario
R16,18131 RE,t_003,16:33,Vila-seca,diario
R16,18131 RE,t_005,17:19,Vila-seca,diario
R16,18131 RE,t_006,17:29,Vila-seca,diario
R16,18131 RE,t_007,17:32,Vila-seca,diario
R16,18131 RE,t_008,17:44,Vila-seca,diario
R16,18131 RE,t_010,17:52,Vila-seca,diario
R16,18133 R,t_001,17:45,Vila-seca,diario
R16,18133 R,t_002,17:56,Vila-seca,diario
R16,18133 R,t_003,18:03,Vila-seca,diario
R16,18133 R,t_005,18:49,Vila-seca,diario
R16,18133 R,t_006,18:59,Vila-seca,diario
R16,18133 R,t_007,19:02,Vila-seca,diario
R16,18133 R,t_008,19:14,Vila-seca,diario
R16,18133 R,t_010,19:22,Vila-seca,diario
R16,18135 RE,t_001,20:45,Vila-seca,diario
R16,18135 RE,t_002,20:56,Vila-seca,diario
R16,18135 RE,t_003,21:03,Vila-seca,diario
R16,18135 RE,t_005,21:49,Vila-seca,diario
R16,18135 RE,t_006,21:59,Vila-seca,diario
R16,18135 RE,t_007,22:02,Vila-seca,diario
R16,18135 RE,t_008,22:14,Vila-seca,diario
R16,18135 RE,t_010,22:22,Vila-seca,diario
,18207 R,t_008,18:10,Reus,diario
,18207 R,t_010,18:18,Reus,diario
,18207 R,t_011,18:31,Reus,diario
MD,30501 RE,t_018,12:05,Caspe,diario
MD,30501 RE,t_019,12:19,Caspe,diario
MD,30501 RE,t_020,12:28,Caspe,diario
MD,30501 RE,t_021,12:38,Caspe,diario
MD,30501 RE,t_022,12:50,Caspe,diario
MD,30501 RE,t_023,13:00,Caspe,diario
MD,30501 RE,t_025,13:29,Caspe,diario
MD,30503 RE,t_001,15:45,Móra la Nova,diario
MD,30503 RE,t_002,15:56,Móra la Nova,diario
MD,30503 RE,t_003,16:03,Móra la Nova,diario
MD,30503 RE,t_004,16:36,Móra la Nova,diario
MD,30503 RE,t_005,16:49,Móra la Nova,diario
MD,30503 RE,t_006,16:59,Móra la Nova,diario
MD,30503 RE,t_007,17:02,Móra la Nova,diario
MD,30503 RE,t_008,17:14,Móra la Nova,diario
MD,30503 RE,t_010,17:22,Móra la Nova,diario
MD,30503 RE,t_011,17:35,Móra la Nova,diario
MD,30503 RE,t_012,17:45,Móra la Nova,diario
MD,30503 RE,t_016,18:11,Móra la Nova,diario
MD,30503 RE,t_017,18:19,Móra la Nova,diario
MD,30503 RE,t_018,18:34,Móra la Nova,diario
R15,30509 RE,t_001,12:45,Flix,diario
R15,30509 RE,t_002,12:56,Flix,diario
R15,30509 RE,t_003,13:03,Flix,diario
R15,30509 RE,t_004,13:36,Flix,diario
R15,30509 RE,t_005,13:49,Flix,diario
R15,30509 RE,t_006,13:59,Flix,diario
R15,30509 RE,t_007,14:02,Flix,diario
R15,30509 RE,t_008,14:14,Flix,diario
R15,30509 RE,t_010,14:22,Flix,diario
R15,30509 RE,t_011,14:35,Flix,diario
R15,30509 RE,t_012,14:45,Flix,diario
R15,30509 RE,t_013,14:52,Flix,diario
R15,30509 RE,t_014,15:00,Flix,diario
R15,30509 RE,t_015,15:08,Flix,diario
R15,30509 RE,t_016,15:17,Flix,diario
R15,30509 RE,t_017,15:25,Flix,diario
R15,30509 RE,t_018,15:41,Flix,diario
R15,30509 RE,t_019,15:55,Flix,diario
R15,30509 RE,t_020,16:04,Flix,diario
R15,30519 RE,t_001,18:45,Móra la Nova,diario
R15,30519 RE,t_002,18:56,Móra la Nova,diario
R15,30519 RE,t_003,19:03,Móra la Nova,diario
R15,30519 RE,t_004,19:36,Móra la Nova,diario
R15,30519 RE,t_005,19:49,Móra la Nova,diario
R15,30519 RE,t_006,19:59,Móra la Nova,diario
R15,30519 RE,t_007,20:02,Móra la Nova,diario
R15,30519 RE,t_008,20:14,Móra la Nova,diario
R15,30519 RE,t_010,20:22,Móra la Nova,diario
R15,30519 RE,t_011,20:34,Móra la Nova,diario
R15,30519 RE,t_012,20:44,Móra la Nova,diario
R15,30519 RE,t_013,20:51,Móra la Nova,diario
R15,30519 RE,t_014,20:59,Móra la Nova,diario
R15,30519 RE,t_015,21:07,Móra la Nova,diario
R15,30519 RE,t_016,21:16,Móra la Nova,diario
R15,30519 RE,t_017,21:24,Móra la Nova,diario
R15,30519 RE,t_018,21:39,Móra la Nova,diario
MD,30527- 30537 RE,t_018,20:23,Caspe,diario
MD,30527- 30537 RE,t_019,20:37,Caspe,diario
MD,30527- 30537 RE,t_020,20:46,Caspe,diario
MD,30527- 30537 RE,t_021,20:57,Caspe,diario
MD,30527- 30537 RE,t_022,21:08,Caspe,diario
MD,30527- 30537 RE,t_023,21:17,Caspe,diario
MD,30527- 30537 RE,t_024,21:26,Caspe,diario
MD,30527- 30537 RE,t_025,21:41,Caspe,diario
MD,30529 RE,t_018,05:31,Caspe,diario
MD,30529 RE,t_019,05:45,Caspe,diario
MD,30529 RE,t_020,05:54,Caspe,diario
MD,30529 RE,t_021,06:05,Caspe,diario
MD,30529 RE,t_022,06:16,Caspe,diario
MD,30529 RE,t_023,06:25,Caspe,diario
MD,30529 RE,t_024,06:34,Caspe,diario
MD,30529 RE,t_025,06:53,Caspe,diario
R15,30531 RE,t_001,06:15,Móra la Nova,diario
R15,30531 RE,t_002,06:26,Móra la Nova,diario
R15,30531 RE,t_003,06:33,Móra la Nova,diario
R15,30531 RE,t_004,07:06,Móra la Nova,diario
R15,30531 RE,t_005,07:19,Móra la Nova,diario
R15,30531 RE,t_006,07:29,Móra la Nova,diario
R15,30531 RE,t_007,07:32,Móra la Nova,diario
R15,30531 RE,t_008,07:44,Móra la Nova,diario
R15,30531 RE,t_010,07:52,Móra la Nova,diario
R15,30531 RE,t_011,08:05,Móra la Nova,diario
R15,30531 RE,t_012,08:15,Móra la Nova,diario
R15,30531 RE,t_013,08:22,Móra la Nova,diario
R15,30531 RE,t_014,08:30,Móra la Nova,diario
R15,30531 RE,t_015,08:38,Móra la Nova,diario
R15,30531 RE,t_016,08:45,Móra la Nova,diario
R15,30531 RE,t_017,08:53,Móra la Nova,diario
R15,30531 RE,t_018,09:08,Móra la Nova,diario
MD,30535 RE,t_001,17:15,Móra la Nova,diario
MD,30535 RE,t_002,17:26,Móra la Nova,diario
MD,30535 RE,t_003,17:33,Móra la Nova,diario
MD,30535 RE,t_004,18:06,Móra la Nova,diario
MD,30535 RE,t_005,18:19,Móra la Nova,diario
MD,30535 RE,t_006,18:29,Móra la Nova,diario
MD,30535 RE,t_007,18:32,Móra la Nova,diario
MD,30535 RE,t_008,18:44,Móra la Nova,diario
MD,30535 RE,t_010,18:52,Móra la Nova,diario
MD,30535 RE,t_011,19:05,Móra la Nova,diario
MD,30535 RE,t_012,19:15,Móra la Nova,diario
MD,30535 RE,t_016,19:47,Móra la Nova,diario
MD,30535 RE,t_017,19:55,Móra la Nova,diario
MD,30535 RE,t_018,20:10,Móra la Nova,diario
MD,30555 RE,t_018,19:04,Caspe,diario
MD,30555 RE,t_019,19:18,Caspe,diario
MD,30555 RE,t_020,19:27,Caspe,diario
MD,30555 RE,t_021,19:37,Caspe,diario
MD,30555 RE,t_022,19:49,Caspe,diario
MD,30555 RE,t_023,19:59,Caspe,diario
MD,30555 RE,t_024,20:08,Caspe,diario
MD,30555 RE,t_025,20:24,Caspe,diario
MD,30581 RE,t_001,08:45,Móra la Nova,diario
MD,30581 RE,t_002,08:56,Móra la Nova,diario
MD,30581 RE,t_003,09:03,Móra la Nova,diario
MD,30581 RE,t_004,09:36,Móra la Nova,diario
MD,30581 RE,t_005,09:49,Móra la Nova,diario
MD,30581 RE,t_006,09:59,Móra la Nova,diario
MD,30581 RE,t_007,10:02,Móra la Nova,diario
MD,30581 RE,t_008,10:14,Móra la Nova,diario
MD,30581 RE,t_010,10:22,Móra la Nova,diario
MD,30581 RE,t_011,10:35,Móra la Nova,diario
MD,30581 RE,t_012,10:45,Móra la Nova,diario
MD,30581 RE,t_016,11:15,Móra la Nova,diario
MD,30581 RE,t_017,11:23,Móra la Nova,diario
MD,30581 RE,t_018,11:38,Móra la Nova,diario
R15,15001 RE,t_001,06:45,Reus,diario
R15,15001 RE,t_002,06:56,Reus,diario
R15,15001 RE,t_003,07:03,Reus,diario
R15,15001 RE,t_004,07:36,Reus,diario
R15,15001 RE,t_005,07:49,Reus,diario
R15,15001 RE,t_006,07:59,Reus,diario
R15,15001 RE,t_007,08:02,Reus,diario
R15,15001 RE,t_008,08:14,Reus,diario
R15,15001 RE,t_010,08:22,Reus,diario
R15,15001 RE,t_011,08:33,Reus,diario
R15,15003 RE,t_001,07:45,Reus,diario
R15,15003 RE,t_002,07:56,Reus,diario
R15,15003 RE,t_003,08:03,Reus,diario
R15,15003 RE,t_004,08:36,Reus,diario
R15,15003 RE,t_005,08:49,Reus,diario
R15,15003 RE,t_006,08:59,Reus,diario
R15,15003 RE,t_007,09:02,Reus,diario
R15,15003 RE,t_008,09:14,Reus,diario
R15,15003 RE,t_010,09:22,Reus,diario
R15,15003 RE,t_011,09:33,Reus,diario
R15,15005 RE,t_001,09:45,Reus,diario
R15,15005 RE,t_002,09:56,Reus,diario
R15,15005 RE,t_003,10:03,Reus,diario
R15,15005 RE,t_004,10:36,Reus,diario
R15,15005 RE,t_005,10:49,Reus,diario
R15,15005 RE,t_006,10:59,Reus,diario
R15,15005 RE,t_007,11:02,Reus,diario
R15,15005 RE,t_008,11:14,Reus,diario
R15,15005 RE,t_010,11:22,Reus,diario
R15,15005 RE,t_011,11:33,Reus,diario
R15,15007 RE,t_001,10:45,Reus,diario
R15,15007 RE,t_002,10:56,Reus,diario
R15,15007 RE,t_003,11:03,Reus,diario
R15,15007 RE,t_004,11:36,Reus,diario
R15,15007 RE,t_005,11:49,Reus,diario
R15,15007 RE,t_006,11:59,Reus,diario
R15,15007 RE,t_007,12:02,Reus,diario
R15,15007 RE,t_008,12:14,Reus,diario
R15,15007 RE,t_010,12:22,Reus,diario
R15,15007 RE,t_011,12:33,Reus,diario
R15,15011 RE,t_001,14:15,Reus,laborable
R15,15011 RE,t_002,14:26,Reus,laborable
R15,15011 RE,t_003,14:33,Reus,laborable
R15,15011 RE,t_004,15:06,Reus,laborable
R15,15011 RE,t_005,15:19,Reus,laborable
R15,15011 RE,t_006,15:29,Reus,laborable
R15,15011 RE,t_007,15:32,Reus,laborable
R15,15011 RE,t_008,15:44,Reus,laborable
R15,15011 RE,t_010,15:52,Reus,laborable
R15,15011 RE,t_011,16:03,Reus,laborable
R15,15013 RE,t_001,15:15,Reus,diario
R15,15013 RE,t_002,15:26,Reus,diario
R15,15013 RE,t_003,15:33,Reus,diario
R15,15013 RE,t_004,16:06,Reus,diario
R15,15013 RE,t_005,16:19,Reus,diario
R15,15013 RE,t_006,16:29,Reus,diario
R15,15013 RE,t_007,16:32,Reus,diario
R15,15013 RE,t_008,16:44,Reus,diario
R15,15013 RE,t_010,16:52,Reus,diario
R15,15013 RE,t_011,17:03,Reus,diario
R15,15015 RE,t_001,16:45,Reus,laborable
R15,15015 RE,t_002,16:56,Reus,laborable
R15,15015 RE,t_003,17:03,Reus,laborable
R15,15015 RE,t_004,17:36,Reus,laborable
R15,15015 RE,t_005,17:49,Reus,laborable
R15,15015 RE,t_006,17:59,Reus,laborable
R15,15015 RE,t_007,18:02,Reus,laborable
R15,15015 RE,t_008,18:14,Reus,laborable
R15,15015 RE,t_010,18:22,Reus,laborable
R15,15015 RE,t_011,18:33,Reus,laborable
R15,15017 RE,t_001,18:15,Reus,diario
R15,15017 RE,t_002,18:26,Reus,diario
R15,15017 RE,t_003,18:33,Reus,diario
R15,15017 RE,t_004,19:06,Reus,diario
R15,15017 RE,t_005,19:19,Reus,diario
R15,15017 RE,t_006,19:29,Reus,diario
R15,15017 RE,t_007,19:32,Reus,diario
R15,15017 RE,t_008,19:44,Reus,diario
R15,15017 RE,t_010,19:52,Reus,diario
R15,15017 RE,t_011,20:03,Reus,diario
R15,15021 RE,t_001,21:15,Reus,diario
R15,15021 RE,t_002,21:26,Reus,diario
R15,15021 RE,t_003,21:33,Reus,diario
R15,15021 RE,t_004,22:06,Reus,diario
R15,15021 RE,t_005,22:19,Reus,diario
R15,15021 RE,t_006,22:29,Reus,diario
R15,15021 RE,t_007,22:32,Reus,diario
R15,15021 RE,t_008,22:44,Reus,diario
R15,15021 RE,t_010,22:52,Reus,diario
R15,15021 RE,t_011,23:03,Reus,diario
R15,15023 RE,t_001,21:45,Reus,diario
R15,15023 RE,t_002,21:56,Reus,diario
R15,15023 RE,t_003,22:03,Reus,diario
R15,15023 RE,t_004,22:36,Reus,diario
R15,15023 RE,t_005,22:49,Reus,diario
R15,15023 RE,t_006,22:59,Reus,diario
R15,15023 RE,t_007,23:02,Reus,diario
R15,15023 RE,t_008,23:14,Reus,diario
R15,15023 RE,t_010,23:22,Reus,diario
R15,15023 RE,t_011,23:33,Reus,diario
R15,15033 RE,t_001,13:45,Reus,diario
R15,15033 RE,t_002,13:56,Reus,diario
R15,15033 RE,t_003,14:03,Reus,diario
R15,15033 RE,t_004,14:36,Reus,diario
R15,15033 RE,t_005,14:49,Reus,diario
R15,15033 RE,t_006,14:59,Reus,diario
R15,15033 RE,t_007,15:02,Reus,diario
R15,15033 RE,t_008,15:14,Reus,diario
R15,15033 RE,t_010,15:22,Reus,diario
R15,15033 RE,t_011,15:35,Reus,diario
R15,15039 RE,t_001,19:45,Reus,diario
R15,15039 RE,t_002,19:56,Reus,diario
R15,15039 RE,t_003,20:03,Reus,diario
R15,15039 RE,t_004,20:36,Reus,diario
R15,15039 RE,t_005,20:49,Reus,diario
R15,15039 RE,t_006,20:59,Reus,diario
R15,15039 RE,t_007,21:02,Reus,diario
R15,15039 RE,t_008,21:14,Reus,diario
R15,15039 RE,t_010,21:22,Reus,diario
R15,15039 RE,t_011,21:35,Reus,diario
R14,15051 R,t_008,05:54,Reus,diario
R14,15051 R,t_010,06:02,Reus,diario
R14,15051 R,t_011,06:15,Reus,diario
R14,15053 RE,t_001,11:45,Reus,diario
R14,15053 RE,t_002,11:56,Reus,diario
R14,15053 RE,t_003,12:03,Reus,diario
R14,15053 RE,t_005,12:49,Reus,diario
R14,15053 RE,t_006,12:59,Reus,diario
R14,15053 RE,t_007,13:02,Reus,diario
R14,15053 RE,t_008,13:14,Reus,diario
R14,15053 RE,t_010,13:22,Reus,diario
R14,15053 RE,t_011,13:35,Reus,diario
R14,15055 R,t_001,20:15,Reus,laborable
R14,15055 R,t_002,20:26,Reus,laborable
R14,15055 R,t_003,20:33,Reus,laborable
R14,15055 R,t_005,21:19,Reus,laborable
R14,15055 R,t_006,21:29,Reus,laborable
R14,15055 R,t_007,21:32,Reus,laborable
R14,15055 R,t_008,21:44,Reus,laborable
R14,15055 R,t_010,21:52,Reus,laborable
R14,15055 R,t_011,22:05,Reus,laborable
RT1,15201 R,t_008,05:40,Reus,laborable
RT1,15201 R,t_010,05:48,Reus,diario
RT1,15201 R,t_011,06:01,Reus,diario
RT1,15203 R,t_008,08:10,Reus,diario
RT1,15203 R,t_010,08:18,Reus,diario
RT1,15203 R,t_011,08:31,Reus,diario
RT1,15205 R,t_008,15:40,Reus,diario
RT1,15205 R,t_010,15:48,Reus,diario
RT1,15205 R,t_011,16:01,Reus,diario
RT1,15209 RE,t_008,20:08,Reus,diario
RT1,15209 RE,t_010,20:16,Reus,diario
RT1,15209 RE,t_011,20:29,Reus,diario
R16,18055 RE,t_001,19:15,Vila-seca,diario
R16,18055 RE,t_002,19:26,Vila-seca,diario
R16,18055 RE,t_003,19:33,Vila-seca,diario
R16,18055 RE,t_005,20:19,Vila-seca,diario
R16,18055 RE,t_006,20:29,Vila-seca,diario
R16,18055 RE,t_007,20:32,Vila-seca,diario
R16,18055 RE,t_008,20:44,Vila-seca,diario
R16,18055 RE,t_010,20:52,Vila-seca,diario
MD,18093 RE,t_001,09:15,Vila-seca,diario
MD,18093 RE,t_002,09:26,Vila-seca,diario
MD,18093 RE,t_003,09:33,Vila-seca,diario
MD,18093 RE,t_004,10:06,Vila-seca,diario
MD,18093 RE,t_005,10:19,Vila-seca,diario
MD,18093 RE,t_006,10:29,Vila-seca,diario
MD,18093 RE,t_007,10:32,Vila-seca,diario
MD,18093 RE,t_008,10:44,Vila-seca,diario
MD,18093 RE,t_010,10:52,Vila-seca,diario
R16,18121 RE,t_001,05:45,Vila-seca,diario
R16,18121 RE,t_002,05:56,Vila-seca,diario
R16,18121 RE,t_003,06:03,Vila-seca,diario
R16,18121 RE,t_005,06:49,Vila-seca,diario
R16,18121 RE,t_006,06:59,Vila-seca,diario
R16,18121 RE,t_007,07:02,Vila-seca,diario
R16,18121 RE,t_008,07:14,Vila-seca,diario
R16,18121 RE,t_010,07:22,Vila-seca,diario
R16,18123 RE,t_001,07:15,Vila-seca,diario
R16,18123 RE,t_002,07:26,Vila-seca,diario
R16,18123 RE,t_003,07:33,Vila-seca,diario
R16,18123 RE,t_005,08:19,Vila-seca,diario
R16,18123 RE,t_006,08:29,Vila-seca,diario
R16,18123 RE,t_007,08:32,Vila-seca,diario
R16,18123 RE,t_008,08:44,Vila-seca,diario
R16,18123 RE,t_010,08:52,Vila-seca,diario
R16,18125 RE,t_001,11:15,Vila-seca,diario
R16,18125 RE,t_002,11:26,Vila-seca,diario
R16,18125 RE,t_003,11:33,Vila-seca,diario
R16,18125 RE,t_005,12:19,Vila-seca,diario
R16,18125 RE,t_006,12:29,Vila-seca,diario
R16,18125 RE,t_007,12:32,Vila-seca,diario
R16,18125 RE,t_008,12:44,Vila-seca,diario
R16,18125 RE,t_010,12:52,Vila-seca,diario
R16,18127 RE,t_001,13:15,Vila-seca,diario
R16,18127 RE,t_002,13:26,Vila-seca,diario
R16,18127 RE,t_003,13:33,Vila-seca,diario
R16,18127 RE,t_005,14:19,Vila-seca,diario
R16,18127 RE,t_006,14:29,Vila-seca,diario
R16,18127 RE,t_007,14:32,Vila-seca,diario
R16,18127 RE,t_008,14:44,Vila-seca,diario
R16,18127 RE,t_010,14:52,Vila-seca,diario
R16,18129 R,t_001,14:45,Vila-seca,diario
R16,18129 R,t_002,14:56,Vila-seca,diario
R16,18129 R,t_003,15:03,Vila-seca,diario
R16,18129 R,t_005,15:49,Vila-seca,diario
R16,18129 R,t_006,15:59,Vila-seca,diario
R16,18129 R,t_007,16:02,Vila-seca,diario
R16,18129 R,t_008,16:14,Vila-seca,diario
R16,18129 R,t_010,16:22,Vila-seca,diario
R16,18131 RE,t_001,16:15,Vila-seca,diario
R16,18131 RE,t_002,16:26,Vila-seca,diario
R16,18131 RE,t_003,16:33,Vila-seca,diario
R16,18131 RE,t_005,17:19,Vila-seca,diario
R16,18131 RE,t_006,17:29,Vila-seca,diario
R16,18131 RE,t_007,17:32,Vila-seca,diario
R16,18131 RE,t_008,17:44,Vila-seca,diario
R16,18131 RE,t_010,17:52,Vila-seca,diario
R16,18133 R,t_001,17:45,Vila-seca,diario
R16,18133 R,t_002,17:56,Vila-seca,diario
R16,18133 R,t_003,18:03,Vila-seca,diario
R16,18133 R,t_005,18:49,Vila-seca,diario
R16,18133 R,t_006,18:59,Vila-seca,diario
R16,18133 R,t_007,19:02,Vila-seca,diario
R16,18133 R,t_008,19:14,Vila-seca,diario
R16,18133 R,t_010,19:22,Vila-seca,diario
R16,18135 RE,t_001,20:45,Vila-seca,diario
R16,18135 RE,t_002,20:56,Vila-seca,diario
R16,18135 RE,t_003,21:03,Vila-seca,diario
R16,18135 RE,t_005,21:49,Vila-seca,diario
R16,18135 RE,t_006,21:59,Vila-seca,diario
R16,18135 RE,t_007,22:02,Vila-seca,diario
R16,18135 RE,t_008,22:14,Vila-seca,diario
R16,18135 RE,t_010,22:22,Vila-seca,diario
RT1,18207 R,t_008,18:10,Reus,diario
RT1,18207 R,t_010,18:18,Reus,diario
RT1,18207 R,t_011,18:31,Reus,diario
MD,30503 RE,t_001,15:45,Móra la Nova,diario
MD,30503 RE,t_002,15:56,Móra la Nova,diario
MD,30503 RE,t_003,16:03,Móra la Nova,diario
MD,30503 RE,t_004,16:36,Móra la Nova,diario
MD,30503 RE,t_005,16:49,Móra la Nova,diario
MD,30503 RE,t_006,16:59,Móra la Nova,diario
MD,30503 RE,t_007,17:02,Móra la Nova,diario
MD,30503 RE,t_008,17:14,Móra la Nova,diario
MD,30503 RE,t_010,17:22,Móra la Nova,diario
MD,30503 RE,t_011,17:35,Móra la Nova,diario
MD,30503 RE,t_012,17:45,Móra la Nova,diario
MD,30503 RE,t_016,18:11,Móra la Nova,diario
MD,30503 RE,t_017,18:19,Móra la Nova,diario
MD,30503 RE,t_018,18:34,Móra la Nova,diario
R15,30509 RE,t_001,12:45,Flix,diario
R15,30509 RE,t_002,12:56,Flix,diario
R15,30509 RE,t_003,13:03,Flix,diario
R15,30509 RE,t_004,13:36,Flix,diario
R15,30509 RE,t_005,13:49,Flix,diario
R15,30509 RE,t_006,13:59,Flix,diario
R15,30509 RE,t_007,14:02,Flix,diario
R15,30509 RE,t_008,14:14,Flix,diario
R15,30509 RE,t_010,14:22,Flix,diario
R15,30509 RE,t_011,14:35,Flix,diario
R15,30509 RE,t_012,14:45,Flix,diario
R15,30509 RE,t_013,14:52,Flix,diario
R15,30509 RE,t_014,15:00,Flix,diario
R15,30509 RE,t_015,15:08,Flix,diario
R15,30509 RE,t_016,15:17,Flix,diario
R15,30509 RE,t_017,15:25,Flix,diario
R15,30509 RE,t_018,15:41,Flix,diario
R15,30509 RE,t_019,15:55,Flix,diario
R15,30509 RE,t_020,16:04,Flix,diario
R15,30519 RE,t_001,18:45,Móra la Nova,diario
R15,30519 RE,t_002,18:56,Móra la Nova,diario
R15,30519 RE,t_003,19:03,Móra la Nova,diario
R15,30519 RE,t_004,19:36,Móra la Nova,diario
R15,30519 RE,t_005,19:49,Móra la Nova,diario
R15,30519 RE,t_006,19:59,Móra la Nova,diario
R15,30519 RE,t_007,20:02,Móra la Nova,diario
R15,30519 RE,t_008,20:14,Móra la Nova,diario
R15,30519 RE,t_010,20:22,Móra la Nova,diario
R15,30519 RE,t_011,20:34,Móra la Nova,diario
R15,30519 RE,t_012,20:44,Móra la Nova,diario
R15,30519 RE,t_013,20:51,Móra la Nova,diario
R15,30519 RE,t_014,20:59,Móra la Nova,diario
R15,30519 RE,t_015,21:07,Móra la Nova,diario
R15,30519 RE,t_016,21:16,Móra la Nova,diario
R15,30519 RE,t_017,21:24,Móra la Nova,diario
R15,30519 RE,t_018,21:39,Móra la Nova,diario
R15,30531 RE,t_001,06:15,Móra la Nova,diario
R15,30531 RE,t_002,06:26,Móra la Nova,diario
R15,30531 RE,t_003,06:33,Móra la Nova,diario
R15,30531 RE,t_004,07:06,Móra la Nova,diario
R15,30531 RE,t_005,07:19,Móra la Nova,diario
R15,30531 RE,t_006,07:29,Móra la Nova,diario
R15,30531 RE,t_007,07:32,Móra la Nova,diario
R15,30531 RE,t_008,07:44,Móra la Nova,diario
R15,30531 RE,t_010,07:52,Móra la Nova,diario
R15,30531 RE,t_011,08:05,Móra la Nova,diario
R15,30531 RE,t_012,08:15,Móra la Nova,diario
R15,30531 RE,t_013,08:22,Móra la Nova,diario
R15,30531 RE,t_014,08:30,Móra la Nova,diario
R15,30531 RE,t_015,08:38,Móra la Nova,diario
R15,30531 RE,t_016,08:45,Móra la Nova,diario
R15,30531 RE,t_017,08:53,Móra la Nova,diario
R15,30531 RE,t_018,09:08,Móra la Nova,diario
MD,30535 RE,t_001,17:15,Móra la Nova,diario
MD,30535 RE,t_002,17:26,Móra la Nova,diario
MD,30535 RE,t_003,17:33,Móra la Nova,diario
MD,30535 RE,t_004,18:06,Móra la Nova,diario
MD,30535 RE,t_005,18:19,Móra la Nova,diario
MD,30535 RE,t_006,18:29,Móra la Nova,diario
MD,30535 RE,t_007,18:32,Móra la Nova,diario
MD,30535 RE,t_008,18:44,Móra la Nova,diario
MD,30535 RE,t_010,18:52,Móra la Nova,diario
MD,30535 RE,t_011,19:05,Móra la Nova,diario
MD,30535 RE,t_012,19:15,Móra la Nova,diario
MD,30535 RE,t_016,19:47,Móra la Nova,diario
MD,30535 RE,t_017,19:55,Móra la Nova,diario
MD,30535 RE,t_018,20:10,Móra la Nova,diario
MD,30581 RE,t_001,08:45,Móra la Nova,diario
MD,30581 RE,t_002,08:56,Móra la Nova,diario
MD,30581 RE,t_003,09:03,Móra la Nova,diario
MD,30581 RE,t_004,09:36,Móra la Nova,diario
MD,30581 RE,t_005,09:49,Móra la Nova,diario
MD,30581 RE,t_006,09:59,Móra la Nova,diario
MD,30581 RE,t_007,10:02,Móra la Nova,diario
MD,30581 RE,t_008,10:14,Móra la Nova,diario
MD,30581 RE,t_010,10:22,Móra la Nova,diario
MD,30581 RE,t_011,10:35,Móra la Nova,diario
MD,30581 RE,t_012,10:45,Móra la Nova,diario
MD,30581 RE,t_016,11:15,Móra la Nova,diario
MD,30581 RE,t_017,11:23,Móra la Nova,diario
MD,30581 RE,t_018,11:38,Móra la Nova,diario
R15,15000 RE,t_011,05:36,Barcelona-Estació de França,diario
R15,15000 RE,t_010,05:45,Barcelona-Estació de França,diario
R15,15000 RE,t_008,05:56,Barcelona-Estació de França,diario
R15,15000 RE,t_007,06:05,Barcelona-Estació de França,diario
R15,15000 RE,t_006,06:10,Barcelona-Estació de França,diario
R15,15000 RE,t_005,06:20,Barcelona-Estació de França,diario
R15,15000 RE,t_004,06:32,Barcelona-Estació de França,diario
R15,15000 RE,t_003,07:09,Barcelona-Estació de França,diario
R15,15000 RE,t_002,07:14,Barcelona-Estació de França,diario
R15,15000 RE,t_001,07:24,Barcelona-Estació de França,diario
R15,15002 RE,t_011,06:06,Barcelona-Estació de França,laborable
R15,15002 RE,t_010,06:15,Barcelona-Estació de França,laborable
R15,15002 RE,t_008,06:26,Barcelona-Estació de França,laborable
R15,15002 RE,t_007,06:35,Barcelona-Estació de França,laborable
R15,15002 RE,t_006,06:40,Barcelona-Estació de França,laborable
R15,15002 RE,t_005,06:50,Barcelona-Estació de França,laborable
R15,15002 RE,t_004,07:02,Barcelona-Estació de França,laborable
R15,15002 RE,t_003,07:39,Barcelona-Estació de França,laborable
R15,15002 RE,t_002,07:44,Barcelona-Estació de França,laborable
R15,15002 RE,t_001,07:54,Barcelona-Estació de França,laborable
R15,15004 RE,t_011,08:36,Barcelona-Estació de França,laborable
R15,15004 RE,t_010,08:45,Barcelona-Estació de França,laborable
R15,15004 RE,t_008,08:56,Barcelona-Estació de França,laborable
R15,15004 RE,t_007,09:05,Barcelona-Estació de França,laborable
R15,15004 RE,t_006,09:10,Barcelona-Estació de França,laborable
R15,15004 RE,t_005,09:20,Barcelona-Estació de França,laborable
R15,15004 RE,t_004,09:32,Barcelona-Estació de França,laborable
R15,15004 RE,t_003,10:09,Barcelona-Estació de França,laborable
R15,15004 RE,t_002,10:14,Barcelona-Estació de França,laborable
R15,15004 RE,t_001,10:24,Barcelona-Estació de França,laborable
R15,15006 RE,t_011,09:36,Barcelona-Estació de França,diario
R15,15006 RE,t_010,09:45,Barcelona-Estació de França,diario
R15,15006 RE,t_008,09:56,Barcelona-Estació de França,diario
R15,15006 RE,t_007,10:05,Barcelona-Estació de França,diario
R15,15006 RE,t_006,10:10,Barcelona-Estació de França,diario
R15,15006 RE,t_005,10:20,Barcelona-Estació de França,diario
R15,15006 RE,t_004,10:32,Barcelona-Estació de França,diario
R15,15006 RE,t_003,11:09,Barcelona-Estació de França,diario
R15,15006 RE,t_002,11:14,Barcelona-Estació de França,diario
R15,15006 RE,t_001,11:24,Barcelona-Estació de França,diario
R15,15010 RE,t_011,12:36,Barcelona-Estació de França,diario
R15,15010 RE,t_010,12:45,Barcelona-Estació de França,diario
R15,15010 RE,t_008,12:56,Barcelona-Estació de França,diario
R15,15010 RE,t_007,13:05,Barcelona-Estació de França,diario
R15,15010 RE,t_006,13:10,Barcelona-Estació de França,diario
R15,15010 RE,t_005,13:20,Barcelona-Estació de França,diario
R15,15010 RE,t_004,13:32,Barcelona-Estació de França,diario
R15,15010 RE,t_003,14:09,Barcelona-Estació de França,diario
R15,15010 RE,t_002,14:14,Barcelona-Estació de França,diario
R15,15010 RE,t_001,14:24,Barcelona-Estació de França,diario
R15,15012 RE,t_011,13:36,Barcelona-Estació de França,diario
R15,15012 RE,t_010,13:45,Barcelona-Estació de França,diario
R15,15012 RE,t_008,13:56,Barcelona-Estació de França,diario
R15,15012 RE,t_007,14:05,Barcelona-Estació de França,diario
R15,15012 RE,t_006,14:10,Barcelona-Estació de França,diario
R15,15012 RE,t_005,14:20,Barcelona-Estació de França,diario
R15,15012 RE,t_004,14:32,Barcelona-Estació de França,diario
R15,15012 RE,t_003,15:09,Barcelona-Estació de França,diario
R15,15012 RE,t_002,15:14,Barcelona-Estació de França,diario
R15,15012 RE,t_001,15:24,Barcelona-Estació de França,diario
R15,15016 RE,t_011,16:36,Barcelona-Estació de França,diario
R15,15016 RE,t_010,16:45,Barcelona-Estació de França,diario
R15,15016 RE,t_008,16:56,Barcelona-Estació de França,diario
R15,15016 RE,t_007,17:05,Barcelona-Estació de França,diario
R15,15016 RE,t_006,17:10,Barcelona-Estació de França,diario
R15,15016 RE,t_005,17:20,Barcelona-Estació de França,diario
R15,15016 RE,t_004,17:32,Barcelona-Estació de França,diario
R15,15016 RE,t_003,18:09,Barcelona-Estació de França,diario
R15,15016 RE,t_002,18:14,Barcelona-Estació de França,diario
R15,15016 RE,t_001,18:24,Barcelona-Estació de França,diario
R15,15018 RE,t_011,17:06,Barcelona-Estació de França,laborable
R15,15018 RE,t_010,17:15,Barcelona-Estació de França,laborable
R15,15018 RE,t_008,17:26,Barcelona-Estació de França,laborable
R15,15018 RE,t_007,17:35,Barcelona-Estació de França,laborable
R15,15018 RE,t_006,17:40,Barcelona-Estació de França,laborable
R15,15018 RE,t_005,17:50,Barcelona-Estació de França,laborable
R15,15018 RE,t_004,18:02,Barcelona-Estació de França,laborable
R15,15018 RE,t_003,18:39,Barcelona-Estació de França,laborable
R15,15018 RE,t_002,18:44,Barcelona-Estació de França,laborable
R15,15018 RE,t_001,18:54,Barcelona-Estació de França,laborable
R15,15020 RE,t_011,18:06,Barcelona-Estació de França,diario
R15,15020 RE,t_010,18:15,Barcelona-Estació de França,diario
R15,15020 RE,t_008,18:26,Barcelona-Estació de França,diario
R15,15020 RE,t_007,18:35,Barcelona-Estació de França,diario
R15,15020 RE,t_006,18:40,Barcelona-Estació de França,diario
R15,15020 RE,t_005,18:50,Barcelona-Estació de França,diario
R15,15020 RE,t_004,19:02,Barcelona-Estació de França,diario
R15,15020 RE,t_003,19:39,Barcelona-Estació de França,diario
R15,15020 RE,t_002,19:44,Barcelona-Estació de França,diario
R15,15020 RE,t_001,19:54,Barcelona-Estació de França,diario
R15,15022 RE,t_011,19:36,Barcelona-Estació de França,diario
R15,15022 RE,t_010,19:45,Barcelona-Estació de França,diario
R15,15022 RE,t_008,19:56,Barcelona-Estació de França,diario
R15,15022 RE,t_007,20:05,Barcelona-Estació de França,diario
R15,15022 RE,t_006,20:10,Barcelona-Estació de França,diario
R15,15022 RE,t_005,20:20,Barcelona-Estació de França,diario
R15,15022 RE,t_004,20:32,Barcelona-Estació de França,diario
R15,15022 RE,t_003,21:09,Barcelona-Estació de França,diario
R15,15022 RE,t_002,21:14,Barcelona-Estació de França,diario
R15,15022 RE,t_001,21:24,Barcelona-Estació de França,diario
R15,15024 RE,t_011,21:06,Barcelona-Estació de França,diario
R15,15024 RE,t_010,21:15,Barcelona-Estació de França,diario
R15,15024 RE,t_008,21:26,Barcelona-Estació de França,diario
R15,15024 RE,t_007,21:35,Barcelona-Estació de França,diario
R15,15024 RE,t_006,21:40,Barcelona-Estació de França,diario
R15,15024 RE,t_005,21:50,Barcelona-Estació de França,diario
R15,15024 RE,t_004,22:02,Barcelona-Estació de França,diario
R15,15024 RE,t_003,22:39,Barcelona-Estació de França,diario
R15,15024 RE,t_002,22:44,Barcelona-Estació de França,diario
R15,15024 RE,t_001,22:54,Barcelona-Estació de França,diario
R15,15034 RE,t_011,09:06,Barcelona-Estació de França,diario
R15,15034 RE,t_010,09:15,Barcelona-Estació de França,diario
R15,15034 RE,t_008,09:26,Barcelona-Estació de França,diario
R15,15034 RE,t_007,09:35,Barcelona-Estació de França,diario
R15,15034 RE,t_006,09:40,Barcelona-Estació de França,diario
R15,15034 RE,t_005,09:50,Barcelona-Estació de França,diario
R15,15034 RE,t_004,10:02,Barcelona-Estació de França,diario
R15,15034 RE,t_003,10:39,Barcelona-Estació de França,diario
R15,15034 RE,t_002,10:44,Barcelona-Estació de França,diario
R15,15034 RE,t_001,10:54,Barcelona-Estació de França,diario
R14,15050 RE,t_011,07:06,Barcelona-Estació de França,
R14,15050 RE,t_010,07:15,Barcelona-Estació de França,
R14,15050 RE,t_008,07:26,Barcelona-Estació de França,
R14,15050 RE,t_007,07:35,Barcelona-Estació de França,
R14,15050 RE,t_006,07:40,Barcelona-Estació de França,
R14,15050 RE,t_005,07:50,Barcelona-Estació de França,
R14,15050 RE,t_003,08:39,Barcelona-Estació de França,
R14,15050 RE,t_002,08:44,Barcelona-Estació de França,
R14,15050 RE,t_001,08:54,Barcelona-Estació de França,
R14,15052 RE,t_011,14:36,Barcelona-Estació de França,diario
R14,15052 RE,t_010,14:45,Barcelona-Estació de França,diario
R14,15052 RE,t_008,14:56,Barcelona-Estació de França,diario
R14,15052 RE,t_007,15:05,Barcelona-Estació de França,diario
R14,15052 RE,t_006,15:10,Barcelona-Estació de França,diario
R14,15052 RE,t_005,15:20,Barcelona-Estació de França,diario
R14,15052 RE,t_003,16:09,Barcelona-Estació de França,diario
R14,15052 RE,t_002,16:14,Barcelona-Estació de França,diario
R14,15052 RE,t_001,16:24,Barcelona-Estació de França,diario
R14,15054 RE,t_011,22:01,Tarragona,diario
R14,15054 RE,t_010,22:10,Tarragona,diario
R14,15054 RE,t_008,22:19,Tarragona,diario
RT1,15200 R,t_011,09:40,Tarragona,diario
RT1,15200 R,t_010,09:49,Tarragona,diario
RT1,15200 R,t_008,09:58,Tarragona,diario
RT1,15202 R,t_011,17:10,Tarragona,diario
RT1,15202 R,t_010,17:19,Tarragona,diario
RT1,15202 R,t_008,17:28,Tarragona,diario
RT1,15204 R,t_011,19:40,Tarragona,diario
RT1,15204 R,t_010,19:49,Tarragona,diario
RT1,15204 R,t_008,19:58,Tarragona,diario
RT1,15206 R,t_011,21:31,Tarragona,diario
RT1,15206 R,t_010,21:40,Tarragona,diario
RT1,15206 R,t_008,21:49,Tarragona,diario
RT1,15208 R,t_011,23:00,Tarragona,diario
RT1,15208 R,t_010,23:09,Tarragona,diario
RT1,15208 R,t_008,23:18,Tarragona,diario
R15,17050 RE,t_011,15:06,Barcelona-Estació de França,diario
R15,17050 RE,t_010,15:15,Barcelona-Estació de França,diario
R15,17050 RE,t_008,15:26,Barcelona-Estació de França,diario
R15,17050 RE,t_007,15:35,Barcelona-Estació de França,diario
R15,17050 RE,t_006,15:40,Barcelona-Estació de França,diario
R15,17050 RE,t_005,15:50,Barcelona-Estació de França,diario
R15,17050 RE,t_004,16:02,Barcelona-Estació de França,diario
R15,17050 RE,t_003,16:39,Barcelona-Estació de França,diario
R15,17050 RE,t_002,16:44,Barcelona-Estació de França,diario
R15,17050 RE,t_001,16:54,Barcelona-Estació de França,diario
R16,18056 RE,t_010,08:15,Barcelona-Estació de França,diario
R16,18056 RE,t_008,08:26,Barcelona-Estació de França,diario
R16,18056 RE,t_007,08:35,Barcelona-Estació de França,diario
R16,18056 RE,t_006,08:40,Barcelona-Estació de França,diario
R16,18056 RE,t_005,08:50,Barcelona-Estació de França,diario
R16,18056 RE,t_003,09:39,Barcelona-Estació de França,diario
R16,18056 RE,t_002,09:44,Barcelona-Estació de França,diario
R16,18056 RE,t_001,09:54,Barcelona-Estació de França,diario
MD,18096 RE,t_010,22:15,Barcelona-Estació de França,diario
MD,18096 RE,t_008,22:26,Barcelona-Estació de França,diario
MD,18096 RE,t_007,22:35,Barcelona-Estació de França,diario
MD,18096 RE,t_006,22:40,Barcelona-Estació de França,diario
MD,18096 RE,t_005,22:50,Barcelona-Estació de França,diario
MD,18096 RE,t_004,23:02,Barcelona-Estació de França,diario
MD,18096 RE,t_003,23:39,Barcelona-Estació de França,diario
MD,18096 RE,t_002,23:44,Barcelona-Estació de França,diario
MD,18096 RE,t_001,23:54,Barcelona-Estació de França,diario
R16,18120 RE,t_010,06:48,Barcelona-Estació de França,diario
R16,18120 RE,t_008,06:59,Barcelona-Estació de França,diario
R16,18120 RE,t_007,07:08,Barcelona-Estació de França,diario
R16,18120 RE,t_006,07:13,Barcelona-Estació de França,diario
R16,18120 RE,t_005,07:23,Barcelona-Estació de França,diario
R16,18120 RE,t_003,08:12,Barcelona-Estació de França,diario
R16,18120 RE,t_002,08:17,Barcelona-Estació de França,diario
R16,18120 RE,t_001,08:27,Barcelona-Estació de França,diario
R16,18122 RE,t_010,10:15,Barcelona-Estació de França,diario
R16,18122 RE,t_008,10:26,Barcelona-Estació de França,diario
R16,18122 RE,t_007,10:35,Barcelona-Estació de França,diario
R16,18122 RE,t_006,10:40,Barcelona-Estació de França,diario
R16,18122 RE,t_005,10:50,Barcelona-Estació de França,diario
R16,18122 RE,t_003,11:39,Barcelona-Estació de França,diario
R16,18122 RE,t_002,11:44,Barcelona-Estació de França,diario
R16,18122 RE,t_001,11:54,Barcelona-Estació de França,diario
R16,18124 RE,t_010,12:15,Barcelona-Estació de França,diario
R16,18124 RE,t_008,12:26,Barcelona-Estació de França,diario
R16,18124 RE,t_007,12:35,Barcelona-Estació de França,diario
R16,18124 RE,t_006,12:40,Barcelona-Estació de França,diario
R16,18124 RE,t_005,12:50,Barcelona-Estació de França,diario
R16,18124 RE,t_003,13:39,Barcelona-Estació de França,diario
R16,18124 RE,t_002,13:44,Barcelona-Estació de França,diario
R16,18124 RE,t_001,13:54,Barcelona-Estació de França,diario
R16,18126 RE,t_010,14:15,Barcelona-Estació de França,diario
R16,18126 RE,t_008,14:26,Barcelona-Estació de França,diario
R16,18126 RE,t_007,14:35,Barcelona-Estació de França,diario
R16,18126 RE,t_006,14:40,Barcelona-Estació de França,diario
R16,18126 RE,t_005,14:50,Barcelona-Estació de França,diario
R16,18126 RE,t_003,15:39,Barcelona-Estació de França,diario
R16,18126 RE,t_002,15:44,Barcelona-Estació de França,diario
R16,18126 RE,t_001,15:54,Barcelona-Estació de França,diario
R16,18128 RE,t_010,16:15,Barcelona-Estació de França,diario
R16,18128 RE,t_008,16:26,Barcelona-Estació de França,diario
R16,18128 RE,t_007,16:35,Barcelona-Estació de França,diario
R16,18128 RE,t_006,16:40,Barcelona-Estació de França,diario
R16,18128 RE,t_005,16:50,Barcelona-Estació de França,diario
R16,18128 RE,t_003,17:39,Barcelona-Estació de França,diario
R16,18128 RE,t_002,17:44,Barcelona-Estació de França,diario
R16,18128 RE,t_001,17:54,Barcelona-Estació de França,diario
R16,18130 RE,t_010,17:45,Barcelona-Estació de França,diario
R16,18130 RE,t_008,17:56,Barcelona-Estació de França,diario
R16,18130 RE,t_007,18:05,Barcelona-Estació de França,diario
R16,18130 RE,t_006,18:10,Barcelona-Estació de França,diario
R16,18130 RE,t_005,18:20,Barcelona-Estació de França,diario
R16,18130 RE,t_003,19:09,Barcelona-Estació de França,diario
R16,18130 RE,t_002,19:14,Barcelona-Estació de França,diario
R16,18130 RE,t_001,19:24,Barcelona-Estació de França,diario
R16,18132 RE,t_010,19:15,Barcelona-Estació de França,diario
R16,18132 RE,t_008,19:26,Barcelona-Estació de França,diario
R16,18132 RE,t_007,19:35,Barcelona-Estació de França,diario
R16,18132 RE,t_006,19:40,Barcelona-Estació de França,diario
R16,18132 RE,t_005,19:50,Barcelona-Estació de França,diario
R16,18132 RE,t_003,20:39,Barcelona-Estació de França,diario
R16,18132 RE,t_002,20:44,Barcelona-Estació de França,diario
R16,18132 RE,t_001,20:54,Barcelona-Estació de França,diario
R16,18134 RE,t_010,20:45,Barcelona-Estació de França,diario
R16,18134 RE,t_008,20:56,Barcelona-Estació de França,diario
R16,18134 RE,t_007,21:05,Barcelona-Estació de França,diario
R16,18134 RE,t_006,21:10,Barcelona-Estació de França,diario
R16,18134 RE,t_005,21:20,Barcelona-Estació de França,diario
R16,18134 RE,t_003,22:09,Barcelona-Estació de França,diario
R16,18134 RE,t_002,22:14,Barcelona-Estació de França,diario
R16,18134 RE,t_001,22:24,Barcelona-Estació de França,diario
R15,30512 RE,t_018,10:31,Barcelona-Estació de França,diario
R15,30512 RE,t_017,10:46,Barcelona-Estació de França,diario
R15,30512 RE,t_016,10:58,Barcelona-Estació de França,diario
R15,30512 RE,t_015,11:06,Barcelona-Estació de França,diario
R15,30512 RE,t_014,11:12,Barcelona-Estació de França,diario
R15,30512 RE,t_013,11:18,Barcelona-Estació de França,diario
R15,30512 RE,t_012,11:24,Barcelona-Estació de França,diario
R15,30512 RE,t_011,11:36,Barcelona-Estació de França,diario
R15,30512 RE,t_010,11:45,Barcelona-Estació de França,diario
R15,30512 RE,t_008,11:56,Barcelona-Estació de França,diario
R15,30512 RE,t_007,12:05,Barcelona-Estació de França,diario
R15,30512 RE,t_006,12:10,Barcelona-Estació de França,diario
R15,30512 RE,t_005,12:20,Barcelona-Estació de França,diario
R15,30512 RE,t_004,12:32,Barcelona-Estació de França,diario
R15,30512 RE,t_003,13:09,Barcelona-Estació de França,diario
R15,30512 RE,t_002,13:14,Barcelona-Estació de França,diario
R15,30512 RE,t_001,13:24,Barcelona-Estació de França,diario
MD,30514 RE,t_018,14:35,Barcelona-Estació de França,diario
MD,30514 RE,t_017,14:50,Barcelona-Estació de França,diario
MD,30514 RE,t_016,15:02,Barcelona-Estació de França,diario
MD,30514 RE,t_012,15:24,Barcelona-Estació de França,diario
MD,30514 RE,t_011,15:36,Barcelona-Estació de França,diario
MD,30514 RE,t_010,15:45,Barcelona-Estació de França,diario
MD,30514 RE,t_008,15:56,Barcelona-Estació de França,diario
MD,30514 RE,t_007,16:05,Barcelona-Estació de França,diario
MD,30514 RE,t_006,16:10,Barcelona-Estació de França,diario
MD,30514 RE,t_005,16:20,Barcelona-Estació de França,diario
MD,30514 RE,t_004,16:32,Barcelona-Estació de França,diario
MD,30514 RE,t_003,17:09,Barcelona-Estació de França,diario
MD,30514 RE,t_002,17:14,Barcelona-Estació de França,diario
MD,30514 RE,t_001,17:24,Barcelona-Estació de França,diario
R15,30518 R,t_020,17:04,Barcelona-Estació de França,diario
R15,30518 R,t_019,17:13,Barcelona-Estació de França,diario
R15,30518 R,t_018,17:29,Barcelona-Estació de França,diario
R15,30518 R,t_017,17:44,Barcelona-Estació de França,diario
R15,30518 R,t_016,17:56,Barcelona-Estació de França,diario
R15,30518 R,t_015,18:04,Barcelona-Estació de França,diario
R15,30518 R,t_014,18:12,Barcelona-Estació de França,diario
R15,30518 R,t_013,18:18,Barcelona-Estació de França,diario
R15,30518 R,t_012,18:24,Barcelona-Estació de França,diario
R15,30518 R,t_011,18:36,Barcelona-Estació de França,diario
R15,30518 R,t_010,18:45,Barcelona-Estació de França,diario
R15,30518 R,t_008,18:56,Barcelona-Estació de França,diario
R15,30518 R,t_007,19:05,Barcelona-Estació de França,diario
R15,30518 R,t_006,19:10,Barcelona-Estació de França,diario
R15,30518 R,t_005,19:20,Barcelona-Estació de França,diario
R15,30518 R,t_004,19:32,Barcelona-Estació de França,diario
R15,30518 R,t_003,20:09,Barcelona-Estació de França,diario
R15,30518 R,t_002,20:14,Barcelona-Estació de França,diario
R15,30518 R,t_001,20:24,Barcelona-Estació de França,diario
R15,30530 RE,t_018,06:31,Barcelona-Estació de França,diario
R15,30530 RE,t_017,06:46,Barcelona-Estació de França,diario
R15,30530 RE,t_016,06:58,Barcelona-Estació de França,diario
R15,30530 RE,t_015,07:06,Barcelona-Estació de França,diario
R15,30530 RE,t_014,07:12,Barcelona-Estació de França,diario
R15,30530 RE,t_013,07:18,Barcelona-Estació de França,diario
R15,30530 RE,t_012,07:24,Barcelona-Estació de França,diario
R15,30530 RE,t_011,07:36,Barcelona-Estació de França,diario
R15,30530 RE,t_010,07:45,Barcelona-Estació de França,diario
R15,30530 RE,t_008,07:56,Barcelona-Estació de França,diario
R15,30530 RE,t_007,08:05,Barcelona-Estació de França,diario
R15,30530 RE,t_006,08:10,Barcelona-Estació de França,diario
R15,30530 RE,t_005,08:20,Barcelona-Estació de França,diario
R15,30530 RE,t_004,08:32,Barcelona-Estació de França,diario
R15,30530 RE,t_003,09:09,Barcelona-Estació de França,diario
R15,30530 RE,t_002,09:14,Barcelona-Estació de França,diario
R15,30530 RE,t_001,09:24,Barcelona-Estació de França,diario
MD,30532 R,t_025,08:00,Barcelona-Estació de França,diario
MD,30532 R,t_024,08:16,Barcelona-Estació de França,diario
MD,30532 R,t_023,08:24,Barcelona-Estació de França,diario
MD,30532 R,t_022,08:33,Barcelona-Estació de França,diario
MD,30532 R,t_021,08:44,Barcelona-Estació de França,diario
MD,30532 R,t_020,08:53,Barcelona-Estació de França,diario
MD,30532 R,t_019,09:02,Barcelona-Estació de França,diario
MD,30532 R,t_018,09:35,Barcelona-Estació de França,diario
MD,30532 R,t_017,09:50,Barcelona-Estació de França,diario
MD,30532 R,t_016,10:02,Barcelona-Estació de França,diario
MD,30532 R,t_012,10:24,Barcelona-Estació de França,diario
MD,30532 R,t_011,10:36,Barcelona-Estació de França,diario
MD,30532 R,t_010,10:45,Barcelona-Estació de França,diario
MD,30532 R,t_008,10:56,Barcelona-Estació de França,diario
MD,30532 R,t_007,11:05,Barcelona-Estació de França,diario
MD,30532 R,t_006,11:10,Barcelona-Estació de França,diario
MD,30532 R,t_005,11:20,Barcelona-Estació de França,diario
MD,30532 R,t_004,11:32,Barcelona-Estació de França,diario
MD,30532 R,t_003,12:09,Barcelona-Estació de França,diario
MD,30532 R,t_002,12:14,Barcelona-Estació de França,diario
MD,30532 R,t_001,12:24,Barcelona-Estació de França,diario
MD,30586 RE,t_018,19:45,Barcelona-Estació de França,diario
MD,30586 RE,t_017,19:20,Barcelona-Estació de França,diario
MD,30586 RE,t_016,19:32,Barcelona-Estació de França,diario
MD,30586 RE,t_012,19:54,Barcelona-Estació de França,diario
MD,30586 RE,t_011,20:06,Barcelona-Estació de França,diario
MD,30586 RE,t_010,20:15,Barcelona-Estació de França,diario
MD,30586 RE,t_008,20:26,Barcelona-Estació de França,diario
MD,30586 RE,t_007,20:35,Barcelona-Estació de França,diario
MD,30586 RE,t_006,20:40,Barcelona-Estació de França,diario
MD,30586 RE,t_005,20:50,Barcelona-Estació de França,diario
MD,30586 RE,t_004,21:02,Barcelona-Estació de França,diario
MD,30586 RE,t_003,21:39,Barcelona-Estació de França,diario
MD,30586 RE,t_002,21:44,Barcelona-Estació de França,diario
MD,30586 RE,t_001,21:54,Barcelona-Estació de França,diario
R16,18055 RE,t_001,19:15,Ulldecona-Alcanar-La Sénia,diario
R16,18055 RE,t_002,19:26,Ulldecona-Alcanar-La Sénia,diario
R16,18055 RE,t_003,19:33,Ulldecona-Alcanar-La Sénia,diario
R16,18055 RE,t_005,20:19,Ulldecona-Alcanar-La Sénia,diario
R16,18055 RE,t_006,20:29,Ulldecona-Alcanar-La Sénia,diario
R16,18055 RE,t_007,20:32,Ulldecona-Alcanar-La Sénia,diario
R16,18055 RE,t_008,20:44,Ulldecona-Alcanar-La Sénia,diario
R16,18055 RE,t_010,20:52,Ulldecona-Alcanar-La Sénia,diario
R16,18055 RE,t_026,21:05,Ulldecona-Alcanar-La Sénia,diario
R16,18055 RE,t_027,21:17,Ulldecona-Alcanar-La Sénia,diario
R16,18055 RE,t_028,21:29,Ulldecona-Alcanar-La Sénia,diario
R16,18055 RE,t_029,21:39,Ulldecona-Alcanar-La Sénia,diario
R16,18055 RE,t_030,21:46,Ulldecona-Alcanar-La Sénia,diario
R16,18055 RE,t_031,21:53,Ulldecona-Alcanar-La Sénia,diario
R16,18055 RE,t_054,22:00,Ulldecona-Alcanar-La Sénia,diario
R16,18055 RE,t_053,22:20,Ulldecona-Alcanar-La Sénia,diario
R16,18055 RE,t_032,22:52,Ulldecona-Alcanar-La Sénia,diario
MD,18093 RE,t_001,09:15,Ulldecona-Alcanar-La Sénia,diario
MD,18093 RE,t_002,09:26,Ulldecona-Alcanar-La Sénia,diario
MD,18093 RE,t_003,09:33,Ulldecona-Alcanar-La Sénia,diario
MD,18093 RE,t_004,10:06,Ulldecona-Alcanar-La Sénia,diario
MD,18093 RE,t_005,10:19,Ulldecona-Alcanar-La Sénia,diario
MD,18093 RE,t_006,10:29,Ulldecona-Alcanar-La Sénia,diario
MD,18093 RE,t_007,10:32,Ulldecona-Alcanar-La Sénia,diario
MD,18093 RE,t_008,10:44,Ulldecona-Alcanar-La Sénia,diario
MD,18093 RE,t_010,10:52,Ulldecona-Alcanar-La Sénia,diario
MD,18093 RE,t_026,11:06,Ulldecona-Alcanar-La Sénia,diario
MD,18093 RE,t_027,11:20,Ulldecona-Alcanar-La Sénia,diario
MD,18093 RE,t_028,11:33,Ulldecona-Alcanar-La Sénia,diario
MD,18093 RE,t_029,11:44,Ulldecona-Alcanar-La Sénia,diario
MD,18093 RE,t_031,12:01,Ulldecona-Alcanar-La Sénia,diario
MD,18093 RE,t_053,12:20,Ulldecona-Alcanar-La Sénia,diario
MD,18093 RE,t_032,12:54,Ulldecona-Alcanar-La Sénia,diario
R16,18121 RE,t_001,05:45,Tortosa,diario
R16,18121 RE,t_002,05:56,Tortosa,diario
R16,18121 RE,t_003,06:03,Tortosa,diario
R16,18121 RE,t_005,06:49,Tortosa,diario
R16,18121 RE,t_006,06:59,Tortosa,diario
R16,18121 RE,t_007,07:02,Tortosa,diario
R16,18121 RE,t_008,07:14,Tortosa,diario
R16,18121 RE,t_010,07:22,Tortosa,diario
R16,18121 RE,t_026,07:35,Tortosa,diario
R16,18121 RE,t_027,07:47,Tortosa,diario
R16,18121 RE,t_028,07:59,Tortosa,diario
R16,18121 RE,t_029,08:09,Tortosa,diario
R16,18121 RE,t_030,08:16,Tortosa,diario
R16,18121 RE,t_031,08:23,Tortosa,diario
R16,18121 RE,t_054,08:30,Tortosa,diario
R16,18121 RE,t_053,08:37,Tortosa,diario
R16,18123 RE,t_001,07:15,Tortosa,diario
R16,18123 RE,t_002,07:26,Tortosa,diario
R16,18123 RE,t_003,07:33,Tortosa,diario
R16,18123 RE,t_005,08:19,Tortosa,diario
R16,18123 RE,t_006,08:29,Tortosa,diario
R16,18123 RE,t_007,08:32,Tortosa,diario
R16,18123 RE,t_008,08:44,Tortosa,diario
R16,18123 RE,t_010,08:52,Tortosa,diario
R16,18123 RE,t_026,09:05,Tortosa,diario
R16,18123 RE,t_027,09:17,Tortosa,diario
R16,18123 RE,t_028,09:29,Tortosa,diario
R16,18123 RE,t_029,09:39,Tortosa,diario
R16,18123 RE,t_031,09:50,Tortosa,diario
R16,18123 RE,t_053,10:07,Tortosa,diario
R16,18125 RE,t_001,11:15,Tortosa,diario
R16,18125 RE,t_002,11:26,Tortosa,diario
R16,18125 RE,t_003,11:33,Tortosa,diario
R16,18125 RE,t_005,12:19,Tortosa,diario
R16,18125 RE,t_006,12:29,Tortosa,diario
R16,18125 RE,t_007,12:32,Tortosa,diario
R16,18125 RE,t_008,12:44,Tortosa,diario
R16,18125 RE,t_010,12:52,Tortosa,diario
R16,18125 RE,t_026,13:05,Tortosa,diario
R16,18125 RE,t_027,13:17,Tortosa,diario
R16,18125 RE,t_028,13:29,Tortosa,diario
R16,18125 RE,t_029,13:39,Tortosa,diario
R16,18125 RE,t_030,13:46,Tortosa,diario
R16,18125 RE,t_031,13:53,Tortosa,diario
R16,18125 RE,t_054,14:00,Tortosa,diario
R16,18125 RE,t_053,14:07,Tortosa,diario
R16,18127 RE,t_001,13:15,Tortosa,diario
R16,18127 RE,t_002,13:26,Tortosa,diario
R16,18127 RE,t_003,13:33,Tortosa,diario
R16,18127 RE,t_005,14:19,Tortosa,diario
R16,18127 RE,t_006,14:29,Tortosa,diario
R16,18127 RE,t_007,14:32,Tortosa,diario
R16,18127 RE,t_008,14:44,Tortosa,diario
R16,18127 RE,t_010,14:52,Tortosa,diario
R16,18127 RE,t_026,15:05,Tortosa,diario
R16,18127 RE,t_027,15:17,Tortosa,diario
R16,18127 RE,t_028,15:29,Tortosa,diario
R16,18127 RE,t_029,15:39,Tortosa,diario
R16,18127 RE,t_031,15:50,Tortosa,diario
R16,18127 RE,t_053,16:07,Tortosa,diario
R16,18129 RE,t_001,14:45,Tortosa,diario
R16,18129 RE,t_002,14:56,Tortosa,diario
R16,18129 RE,t_003,15:03,Tortosa,diario
R16,18129 RE,t_005,15:49,Tortosa,diario
R16,18129 RE,t_006,15:59,Tortosa,diario
R16,18129 RE,t_007,16:02,Tortosa,diario
R16,18129 RE,t_008,16:14,Tortosa,diario
R16,18129 RE,t_010,16:22,Tortosa,diario
R16,18129 RE,t_026,16:35,Tortosa,diario
R16,18129 RE,t_027,16:47,Tortosa,diario
R16,18129 RE,t_028,16:59,Tortosa,diario
R16,18129 RE,t_029,17:09,Tortosa,diario
R16,18129 RE,t_030,17:16,Tortosa,diario
R16,18129 RE,t_031,17:23,Tortosa,diario
R16,18129 RE,t_054,17:30,Tortosa,diario
R16,18129 RE,t_053,17:37,Tortosa,diario
R16,18131 RE,t_001,16:15,Tortosa,diario
R16,18131 RE,t_002,16:26,Tortosa,diario
R16,18131 RE,t_003,16:33,Tortosa,diario
R16,18131 RE,t_005,17:19,Tortosa,diario
R16,18131 RE,t_006,17:29,Tortosa,diario
R16,18131 RE,t_007,17:32,Tortosa,diario
R16,18131 RE,t_008,17:44,Tortosa,diario
R16,18131 RE,t_010,17:52,Tortosa,diario
R16,18131 RE,t_026,18:05,Tortosa,diario
R16,18131 RE,t_027,18:17,Tortosa,diario
R16,18131 RE,t_028,18:29,Tortosa,diario
R16,18131 RE,t_029,18:39,Tortosa,diario
R16,18131 RE,t_031,18:50,Tortosa,diario
R16,18131 RE,t_053,19:03,Tortosa,diario
R16,18133 RE,t_001,17:45,Tortosa,diario
R16,18133 RE,t_002,17:56,Tortosa,diario
R16,18133 RE,t_003,18:03,Tortosa,diario
R16,18133 RE,t_005,18:49,Tortosa,diario
R16,18133 RE,t_006,18:59,Tortosa,diario
R16,18133 RE,t_007,19:02,Tortosa,diario
R16,18133 RE,t_008,19:14,Tortosa,diario
R16,18133 RE,t_010,19:22,Tortosa,diario
R16,18133 RE,t_026,19:35,Tortosa,diario
R16,18133 RE,t_027,19:47,Tortosa,diario
R16,18133 RE,t_028,19:59,Tortosa,diario
R16,18133 RE,t_029,20:09,Tortosa,diario
R16,18133 RE,t_031,20:20,Tortosa,diario
R16,18133 RE,t_053,20:32,Tortosa,diario
R16,18135 RE,t_001,20:45,Tortosa,diario
R16,18135 RE,t_002,20:56,Tortosa,diario
R16,18135 RE,t_003,21:03,Tortosa,diario
R16,18135 RE,t_005,21:49,Tortosa,diario
R16,18135 RE,t_006,21:59,Tortosa,diario
R16,18135 RE,t_007,22:02,Tortosa,diario
R16,18135 RE,t_008,22:14,Tortosa,diario
R16,18135 RE,t_010,22:22,Tortosa,diario
R16,18135 RE,t_026,22:35,Tortosa,diario
R16,18135 RE,t_027,22:47,Tortosa,diario
R16,18135 RE,t_028,22:59,Tortosa,diario
R16,18135 RE,t_029,23:09,Tortosa,diario
R16,18135 RE,t_031,23:20,Tortosa,diario
R16,18135 RE,t_053,23:32,Tortosa,diario
R16,18052 RE,t_032,06:28,Barcelona-Estació de França,diario
R16,18052 RE,t_053,07:05,Barcelona-Estació de França,diario
R16,18052 RE,t_054,07:11,Barcelona-Estació de França,diario
R16,18052 RE,t_031,07:19,Barcelona-Estació de França,diario
R16,18052 RE,t_030,07:25,Barcelona-Estació de França,diario
R16,18052 RE,t_029,07:32,Barcelona-Estació de França,diario
R16,18052 RE,t_028,07:42,Barcelona-Estació de França,diario
R16,18052 RE,t_027,07:53,Barcelona-Estació de França,diario
R16,18052 RE,t_026,08:05,Barcelona-Estació de França,diario
R16,18052 RE,t_010,08:15,Barcelona-Estació de França,diario
R16,18052 RE,t_008,08:26,Barcelona-Estació de França,diario
R16,18052 RE,t_007,08:35,Barcelona-Estació de França,diario
R16,18052 RE,t_006,08:40,Barcelona-Estació de França,diario
R16,18052 RE,t_005,08:50,Barcelona-Estació de França,diario
R16,18052 RE,t_003,09:39,Barcelona-Estació de França,diario
R16,18052 RE,t_002,09:44,Barcelona-Estació de França,diario
R16,18052 RE,t_001,09:54,Barcelona-Estació de França,diario
MD,18096 RE,t_032,20:12,Barcelona-Estació de França,diario
MD,18096 RE,t_053,21:02,Barcelona-Estació de França,diario
MD,18096 RE,t_031,21:14,Barcelona-Estació de França,diario
MD,18096 RE,t_029,21:24,Barcelona-Estació de França,diario
MD,18096 RE,t_028,21:36,Barcelona-Estació de França,diario
MD,18096 RE,t_027,21:49,Barcelona-Estació de França,diario
MD,18096 RE,t_026,22:03,Barcelona-Estació de França,diario
MD,18096 RE,t_010,22:15,Barcelona-Estació de França,diario
MD,18096 RE,t_008,22:26,Barcelona-Estació de França,diario
MD,18096 RE,t_007,22:35,Barcelona-Estació de França,diario
MD,18096 RE,t_006,22:40,Barcelona-Estació de França,diario
MD,18096 RE,t_005,22:50,Barcelona-Estació de França,diario
MD,18096 RE,t_004,23:02,Barcelona-Estació de França,diario
MD,18096 RE,t_003,23:39,Barcelona-Estació de França,diario
MD,18096 RE,t_002,23:44,Barcelona-Estació de França,diario
MD,18096 RE,t_001,23:54,Barcelona-Estació de França,diario
R16,18120 RE,t_053,05:44,Barcelona-Estació de França,diario
R16,18120 RE,t_031,05:56,Barcelona-Estació de França,diario
R16,18120 RE,t_029,06:05,Barcelona-Estació de França,diario
R16,18120 RE,t_028,06:15,Barcelona-Estació de França,diario
R16,18120 RE,t_027,06:26,Barcelona-Estació de França,diario
R16,18120 RE,t_026,06:38,Barcelona-Estació de França,diario
R16,18120 RE,t_010,06:48,Barcelona-Estació de França,diario
R16,18120 RE,t_008,06:59,Barcelona-Estació de França,diario
R16,18120 RE,t_007,07:08,Barcelona-Estació de França,diario
R16,18120 RE,t_006,07:13,Barcelona-Estació de França,diario
R16,18120 RE,t_005,07:23,Barcelona-Estació de França,diario
R16,18120 RE,t_003,08:12,Barcelona-Estació de França,diario
R16,18120 RE,t_002,08:17,Barcelona-Estació de França,diario
R16,18120 RE,t_001,08:27,Barcelona-Estació de França,diario
R16,18122 RE,t_053,09:11,Barcelona-Estació de França,diario
R16,18122 RE,t_031,09:23,Barcelona-Estació de França,diario
R16,18122 RE,t_029,09:32,Barcelona-Estació de França,diario
R16,18122 RE,t_028,09:42,Barcelona-Estació de França,diario
R16,18122 RE,t_027,09:53,Barcelona-Estació de França,diario
R16,18122 RE,t_026,10:05,Barcelona-Estació de França,diario
R16,18122 RE,t_010,10:15,Barcelona-Estació de França,diario
R16,18122 RE,t_008,10:26,Barcelona-Estació de França,diario
R16,18122 RE,t_007,10:35,Barcelona-Estació de França,diario
R16,18122 RE,t_006,10:40,Barcelona-Estació de França,diario
R16,18122 RE,t_005,10:50,Barcelona-Estació de França,diario
R16,18122 RE,t_003,11:39,Barcelona-Estació de França,diario
R16,18122 RE,t_002,11:44,Barcelona-Estació de França,diario
R16,18122 RE,t_001,11:54,Barcelona-Estació de França,diario
R16,18124 RE,t_053,11:00,Barcelona-Estació de França,diario
R16,18124 RE,t_054,11:06,Barcelona-Estació de França,diario
R16,18124 RE,t_031,11:19,Barcelona-Estació de França,diario
R16,18124 RE,t_030,11:25,Barcelona-Estació de França,diario
R16,18124 RE,t_029,11:32,Barcelona-Estació de França,diario
R16,18124 RE,t_028,11:42,Barcelona-Estació de França,diario
R16,18124 RE,t_027,11:53,Barcelona-Estació de França,diario
R16,18124 RE,t_026,12:05,Barcelona-Estació de França,diario
R16,18124 RE,t_010,12:15,Barcelona-Estació de França,diario
R16,18124 RE,t_008,12:26,Barcelona-Estació de França,diario
R16,18124 RE,t_007,12:35,Barcelona-Estació de França,diario
R16,18124 RE,t_006,12:40,Barcelona-Estació de França,diario
R16,18124 RE,t_005,12:50,Barcelona-Estació de França,diario
R16,18124 RE,t_003,13:39,Barcelona-Estació de França,diario
R16,18124 RE,t_002,13:44,Barcelona-Estació de França,diario
R16,18124 RE,t_001,13:54,Barcelona-Estació de França,diario
R16,18126 RE,t_053,13:11,Barcelona-Estació de França,diario
R16,18126 RE,t_031,13:23,Barcelona-Estació de França,diario
R16,18126 RE,t_029,13:32,Barcelona-Estació de França,diario
R16,18126 RE,t_028,13:42,Barcelona-Estació de França,diario
R16,18126 RE,t_027,13:53,Barcelona-Estació de França,diario
R16,18126 RE,t_026,14:05,Barcelona-Estació de França,diario
R16,18126 RE,t_010,14:15,Barcelona-Estació de França,diario
R16,18126 RE,t_008,14:26,Barcelona-Estació de França,diario
R16,18126 RE,t_007,14:35,Barcelona-Estació de França,diario
R16,18126 RE,t_006,14:40,Barcelona-Estació de França,diario
R16,18126 RE,t_005,14:50,Barcelona-Estació de França,diario
R16,18126 RE,t_003,15:39,Barcelona-Estació de França,diario
R16,18126 RE,t_002,15:44,Barcelona-Estació de França,diario
R16,18126 RE,t_001,15:54,Barcelona-Estació de França,diario
R16,18128 RE,t_053,15:05,Barcelona-Estació de França,diario
R16,18128 RE,t_054,15:11,Barcelona-Estació de França,diario
R16,18128 RE,t_031,15:19,Barcelona-Estació de França,diario
R16,18128 RE,t_030,15:25,Barcelona-Estació de França,diario
R16,18128 RE,t_029,15:32,Barcelona-Estació de França,diario
R16,18128 RE,t_028,15:42,Barcelona-Estació de França,diario
R16,18128 RE,t_027,15:53,Barcelona-Estació de França,diario
R16,18128 RE,t_026,16:05,Barcelona-Estació de França,diario
R16,18128 RE,t_010,16:15,Barcelona-Estació de França,diario
R16,18128 RE,t_008,16:26,Barcelona-Estació de França,diario
R16,18128 RE,t_007,16:35,Barcelona-Estació de França,diario
R16,18128 RE,t_006,16:40,Barcelona-Estació de França,diario
R16,18128 RE,t_005,16:50,Barcelona-Estació de França,diario
R16,18128 RE,t_003,17:39,Barcelona-Estació de França,diario
R16,18128 RE,t_002,17:44,Barcelona-Estació de França,diario
R16,18128 RE,t_001,17:54,Barcelona-Estació de França,diario
R16,18130 RE,t_053,16:41,Barcelona-Estació de França,diario
R16,18130 RE,t_031,16:53,Barcelona-Estació de França,diario
R16,18130 RE,t_029,17:02,Barcelona-Estació de França,diario
R16,18130 RE,t_028,17:12,Barcelona-Estació de França,diario
R16,18130 RE,t_027,17:23,Barcelona-Estació de França,diario
R16,18130 RE,t_026,17:35,Barcelona-Estació de França,diario
R16,18130 RE,t_010,17:45,Barcelona-Estació de França,diario
R16,18130 RE,t_008,17:56,Barcelona-Estació de França,diario
R16,18130 RE,t_007,18:05,Barcelona-Estació de França,diario
R16,18130 RE,t_006,18:10,Barcelona-Estació de França,diario
R16,18130 RE,t_005,18:20,Barcelona-Estació de França,diario
R16,18130 RE,t_003,19:09,Barcelona-Estació de França,diario
R16,18130 RE,t_002,19:14,Barcelona-Estació de França,diario
R16,18130 RE,t_001,19:24,Barcelona-Estació de França,diario
R16,18132 RE,t_053,18:11,Barcelona-Estació de França,diario
R16,18132 RE,t_031,18:23,Barcelona-Estació de França,diario
R16,18132 RE,t_029,18:32,Barcelona-Estació de França,diario
R16,18132 RE,t_028,18:42,Barcelona-Estació de França,diario
R16,18132 RE,t_027,18:53,Barcelona-Estació de França,diario
R16,18132 RE,t_026,19:05,Barcelona-Estació de França,diario
R16,18132 RE,t_010,19:15,Barcelona-Estació de França,diario
R16,18132 RE,t_008,19:26,Barcelona-Estació de França,diario
R16,18132 RE,t_007,19:35,Barcelona-Estació de França,diario
R16,18132 RE,t_006,19:40,Barcelona-Estació de França,diario
R16,18132 RE,t_005,19:50,Barcelona-Estació de França,diario
R16,18132 RE,t_003,20:39,Barcelona-Estació de França,diario
R16,18132 RE,t_002,20:44,Barcelona-Estació de França,diario
R16,18132 RE,t_001,20:54,Barcelona-Estació de França,diario
R16,18134 RE,t_053,19:35,Barcelona-Estació de França,diario
R16,18134 RE,t_054,19:41,Barcelona-Estació de França,diario
R16,18134 RE,t_031,19:49,Barcelona-Estació de França,diario
R16,18134 RE,t_030,19:55,Barcelona-Estació de França,diario
R16,18134 RE,t_029,20:02,Barcelona-Estació de França,diario
R16,18134 RE,t_028,20:12,Barcelona-Estació de França,diario
R16,18134 RE,t_027,20:23,Barcelona-Estació de França,diario
R16,18134 RE,t_026,20:35,Barcelona-Estació de França,diario
R16,18134 RE,t_010,20:45,Barcelona-Estació de França,diario
R16,18134 RE,t_008,20:56,Barcelona-Estació de França,diario
R16,18134 RE,t_007,21:05,Barcelona-Estació de França,diario
R16,18134 RE,t_006,21:10,Barcelona-Estació de França,diario
R16,18134 RE,t_005,21:20,Barcelona-Estació de França,diario
R16,18134 RE,t_003,22:09,Barcelona-Estació de França,diario
R16,18134 RE,t_002,22:14,Barcelona-Estació de França,diario
R16,18134 RE,t_001,22:24,Barcelona-Estació de França,diario
R14,15051 RE,t_006,05:54,Barcelona-Estació de França,diario
R14,15051 RE,t_005,06:02,Barcelona-Estació de França,diario
R14,15051 RE,t_004,06:15,Barcelona-Estació de França,diario
R14,15051 RE,t_003,06:24,Barcelona-Estació de França,diario
R14,15051 RE,t_002,06:31,Barcelona-Estació de França,diario
R14,15051 RE,t_001,06:39,Barcelona-Estació de França,diario
R14,15053 RE,t_053,11:45,Barcelona-Estació de França,diario
R14,15053 RE,t_054,11:56,Barcelona-Estació de França,diario
R14,15053 RE,t_031,12:03,Barcelona-Estació de França,diario
R14,15053 RE,t_030,12:49,Barcelona-Estació de França,diario
R14,15053 RE,t_008,12:59,Barcelona-Estació de França,diario
R14,15053 RE,t_007,13:02,Barcelona-Estació de França,diario
R14,15053 RE,t_006,13:14,Barcelona-Estació de França,diario
R14,15053 RE,t_005,13:22,Barcelona-Estació de França,diario
R14,15053 RE,t_004,13:35,Barcelona-Estació de França,diario
R14,15053 RE,t_003,13:43,Barcelona-Estació de França,diario
R14,15053 RE,t_002,13:51,Barcelona-Estació de França,diario
R14,15053 RE,t_001,13:58,Barcelona-Estació de França,diario
R14,15055 RE,t_053,20:15,Barcelona-Estació de França,diario
R14,15055 RE,t_054,20:26,Barcelona-Estació de França,diario
R14,15055 RE,t_031,20:33,Barcelona-Estació de França,diario
R14,15055 RE,t_030,21:19,Barcelona-Estació de França,diario
R14,15055 RE,t_008,21:29,Barcelona-Estació de França,diario
R14,15055 RE,t_007,21:32,Barcelona-Estació de França,diario
R14,15055 RE,t_006,21:44,Barcelona-Estació de França,diario
R14,15055 RE,t_005,21:52,Barcelona-Estació de França,diario
R14,15055 RE,t_004,22:05,Barcelona-Estació de França,diario
R14,15055 RE,t_003,22:14,Barcelona-Estació de França,diario
R14,15055 RE,t_002,22:21,Barcelona-Estació de França,diario
R14,15055 RE,t_001,22:27,Barcelona-Estació de França,diario
RT1,15201 R,t_006,05:40,Barcelona-Estació de França,diario
RT1,15201 R,t_005,05:48,Barcelona-Estació de França,diario
RT1,15201 R,t_004,06:01,Barcelona-Estació de França,diario
RT1,15201 R,t_003,06:10,Barcelona-Estació de França,diario
RT1,15201 R,t_002,06:17,Barcelona-Estació de França,diario
RT1,15201 R,t_001,06:23,Barcelona-Estació de França,diario
RT1,15203 R,t_006,08:10,Barcelona-Estació de França,diario
RT1,15203 R,t_005,08:18,Barcelona-Estació de França,diario
RT1,15203 R,t_004,08:31,Barcelona-Estació de França,diario
RT1,15203 R,t_003,08:40,Barcelona-Estació de França,diario
RT1,15203 R,t_002,08:47,Barcelona-Estació de França,diario
RT1,15203 R,t_001,08:53,Barcelona-Estació de França,diario
RT1,15205 R,t_006,15:40,Barcelona-Estació de França,diario
RT1,15205 R,t_005,15:48,Barcelona-Estació de França,diario
RT1,15205 R,t_004,16:01,Barcelona-Estació de França,diario
RT1,15205 R,t_003,16:10,Barcelona-Estació de França,diario
RT1,15205 R,t_002,16:17,Barcelona-Estació de França,diario
RT1,15205 R,t_001,16:23,Barcelona-Estació de França,diario
RT1,15207 R,t_006,18:10,Barcelona-Estació de França,diario
RT1,15207 R,t_005,18:18,Barcelona-Estació de França,diario
RT1,15207 R,t_004,18:31,Barcelona-Estació de França,diario
RT1,15207 R,t_003,18:40,Barcelona-Estació de França,diario
RT1,15207 R,t_002,18:47,Barcelona-Estació de França,diario
RT1,15207 R,t_001,18:53,Barcelona-Estació de França,diario
RT1,15209 R,t_006,20:10,Barcelona-Estació de França,diario
RT1,15209 R,t_005,20:18,Barcelona-Estació de França,diario
RT1,15209 R,t_004,20:31,Barcelona-Estació de França,diario
RT1,15209 R,t_003,20:40,Barcelona-Estació de França,diario
RT1,15209 R,t_002,20:47,Barcelona-Estació de França,diario
RT1,15209 R,t_001,20:53,Barcelona-Estació de França,diario
R14,15050 RE,t_006,06:44,Barcelona-Estació de França,diario
R14,15050 RE,t_005,06:50,Barcelona-Estació de França,diario
R14,15050 RE,t_004,06:56,Barcelona-Estació de França,diario
R14,15050 RE,t_003,07:06,Barcelona-Estació de França,diario
R14,15050 RE,t_002,07:15,Barcelona-Estació de França,diario
R14,15050 RE,t_001,07:26,Barcelona-Estació de França,diario
R14,15052 RE,t_053,13:07,Barcelona-Estació de França,diario
R14,15052 RE,t_054,13:16,Barcelona-Estació de França,diario
R14,15052 RE,t_031,13:22,Barcelona-Estació de França,diario
R14,15052 RE,t_030,13:27,Barcelona-Estació de França,diario
R14,15052 RE,t_029,13:31,Barcelona-Estació de França,diario
R14,15052 RE,t_028,13:40,Barcelona-Estació de França,diario
R14,15052 RE,t_027,13:47,Barcelona-Estació de França,diario
R14,15052 RE,t_026,13:52,Barcelona-Estació de França,diario
R14,15052 RE,t_010,13:59,Barcelona-Estació de França,diario
R14,15052 RE,t_008,14:05,Barcelona-Estació de França,diario
R14,15052 RE,t_007,14:09,Barcelona-Estació de França,diario
R14,15052 RE,t_006,14:14,Barcelona-Estació de França,diario
R14,15052 RE,t_005,14:20,Barcelona-Estació de França,diario
R14,15052 RE,t_004,14:26,Barcelona-Estació de França,diario
R14,15052 RE,t_003,14:36,Barcelona-Estació de França,diario
R14,15052 RE,t_002,14:45,Barcelona-Estació de França,diario
R14,15052 RE,t_001,14:56,Barcelona-Estació de França,diario
R14,15054 RE,t_053,20:30,Barcelona-Estació de França,diario
R14,15054 RE,t_054,20:39,Barcelona-Estació de França,diario
R14,15054 RE,t_031,20:45,Barcelona-Estació de França,diario
R14,15054 RE,t_030,20:50,Barcelona-Estació de França,diario
R14,15054 RE,t_029,20:54,Barcelona-Estació de França,diario
R14,15054 RE,t_028,21:03,Barcelona-Estació de França,diario
R14,15054 RE,t_027,21:10,Barcelona-Estació de França,diario
R14,15054 RE,t_026,21:16,Barcelona-Estació de França,diario
R14,15054 RE,t_010,21:24,Barcelona-Estació de França,diario
R14,15054 RE,t_008,21:30,Barcelona-Estació de França,diario
R14,15054 RE,t_007,21:34,Barcelona-Estació de França,diario
R14,15054 RE,t_006,21:39,Barcelona-Estació de França,diario
R14,15054 RE,t_005,21:45,Barcelona-Estació de França,diario
R14,15054 RE,t_004,21:51,Barcelona-Estació de França,diario
R14,15054 RE,t_003,22:01,Barcelona-Estació de França,diario
R14,15054 RE,t_002,22:10,Barcelona-Estació de França,diario
R14,15054 RE,t_001,22:19,Barcelona-Estació de França,diario
RT1,15200 R,t_007,09:18,Barcelona-Passeig de Gràcia,diario
RT1,15200 R,t_006,09:24,Barcelona-Passeig de Gràcia,diario
RT1,15200 R,t_005,09:30,Barcelona-Passeig de Gràcia,diario
RT1,15200 R,t_004,09:40,Barcelona-Passeig de Gràcia,diario
RT1,15200 R,t_003,09:49,Barcelona-Passeig de Gràcia,diario
RT1,15200 R,t_002,09:58,Barcelona-Passeig de Gràcia,diario
RT1,15202 R,t_006,16:48,Barcelona-Estació de França,diario
RT1,15202 R,t_005,16:54,Barcelona-Estació de França,diario
RT1,15202 R,t_004,17:00,Barcelona-Estació de França,diario
RT1,15202 R,t_003,17:10,Barcelona-Estació de França,diario
RT1,15202 R,t_002,17:19,Barcelona-Estació de França,diario
RT1,15202 R,t_001,17:28,Barcelona-Estació de França,diario
RT1,15204 R,t_006,19:18,Barcelona-Estació de França,diario
RT1,15204 R,t_005,19:24,Barcelona-Estació de França,diario
RT1,15204 R,t_004,19:30,Barcelona-Estació de França,diario
RT1,15204 R,t_003,19:40,Barcelona-Estació de França,diario
RT1,15204 R,t_002,19:49,Barcelona-Estació de França,diario
RT1,15204 R,t_001,19:58,Barcelona-Estació de França,diario
RT1,15206 R,t_006,21:09,Barcelona-Estació de França,diario
RT1,15206 R,t_005,21:15,Barcelona-Estació de França,diario
RT1,15206 R,t_004,21:21,Barcelona-Estació de França,diario
RT1,15206 R,t_003,21:31,Barcelona-Estació de França,diario
RT1,15206 R,t_002,21:40,Barcelona-Estació de França,diario
RT1,15206 R,t_001,21:49,Barcelona-Estació de França,diario
RT1,15208 R,t_006,22:38,Barcelona-Estació de França,diario
RT1,15208 R,t_005,22:44,Barcelona-Estació de França,diario
RT1,15208 R,t_004,22:50,Barcelona-Estació de França,diario
RT1,15208 R,t_003,23:00,Barcelona-Estació de França,diario
RT1,15208 R,t_002,23:09,Barcelona-Estació de França,diario
RT1,15208 R,t_001,23:18,Barcelona-Estació de França,diario
RT1,30581,t_008,05:40,La Plana-Picamoixons,diario
RT1,30581,t_010,05:48,La Plana-Picamoixons,diario
RT1,30581,t_011,06:01,La Plana-Picamoixons,diario
RT1,30581,t_034,06:10,La Plana-Picamoixons,diario
RT1,30581,t_035,06:17,La Plana-Picamoixons,diario
RT1,30581,t_036,06:23,La Plana-Picamoixons,diario
RT1,30583,t_008,08:10,La Plana-Picamoixons,diario
RT1,30583,t_010,08:18,La Plana-Picamoixons,diario
RT1,30583,t_011,08:31,La Plana-Picamoixons,diario
RT1,30583,t_034,08:40,La Plana-Picamoixons,diario
RT1,30583,t_035,08:47,La Plana-Picamoixons,diario
RT1,30583,t_036,08:53,La Plana-Picamoixons,diario
RT1,30585,t_008,15:40,La Plana-Picamoixons,diario
RT1,30585,t_010,15:48,La Plana-Picamoixons,diario
RT1,30585,t_011,16:01,La Plana-Picamoixons,diario
RT1,30585,t_034,16:10,La Plana-Picamoixons,diario
RT1,30585,t_035,16:17,La Plana-Picamoixons,diario
RT1,30585,t_036,16:23,La Plana-Picamoixons,diario
RT1,30587,t_008,18:10,La Plana-Picamoixons,diario
RT1,30587,t_010,18:18,La Plana-Picamoixons,diario
RT1,30587,t_011,18:31,La Plana-Picamoixons,diario
RT1,30587,t_034,18:40,La Plana-Picamoixons,diario
RT1,30587,t_035,18:47,La Plana-Picamoixons,diario
RT1,30587,t_036,18:53,La Plana-Picamoixons,diario
RT1,30589,t_008,20:08,La Plana-Picamoixons,diario
RT1,30589,t_010,20:16,La Plana-Picamoixons,diario
RT1,30589,t_011,20:29,La Plana-Picamoixons,diario
RT1,30589,t_034,20:38,La Plana-Picamoixons,diario
RT1,30589,t_035,20:45,La Plana-Picamoixons,diario
RT1,30589,t_036,20:51,La Plana-Picamoixons,diario
RT1,30580,t_036,09:18,Tarragona,diario
RT1,30580,t_035,09:24,Tarragona,diario
RT1,30580,t_034,09:30,Tarragona,diario
RT1,30580,t_011,09:40,Tarragona,diario
RT1,30580,t_010,09:49,Tarragona,diario
RT1,30580,t_008,09:58,Tarragona,diario
RT1,30582,t_036,16:48,Tarragona,diario
RT1,30582,t_035,16:54,Tarragona,diario
RT1,30582,t_034,17:00,Tarragona,diario
RT1,30582,t_011,17:10,Tarragona,diario
RT1,30582,t_010,17:19,Tarragona,diario
RT1,30582,t_008,17:28,Tarragona,diario
RT1,30584,t_036,19:18,Tarragona,diario
RT1,30584,t_035,19:24,Tarragona,diario
RT1,30584,t_034,19:30,Tarragona,diario
RT1,30584,t_011,19:40,Tarragona,diario
RT1,30584,t_010,19:49,Tarragona,diario
RT1,30584,t_008,19:58,Tarragona,diario
RT1,30586,t_036,21:09,Tarragona,diario
RT1,30586,t_035,21:15,Tarragona,diario
RT1,30586,t_034,21:21,Tarragona,diario
RT1,30586,t_011,21:31,Tarragona,diario
RT1,30586,t_010,21:40,Tarragona,diario
RT1,30586,t_008,21:49,Tarragona,diario
RT1,30588,t_036,22:38,Tarragona,diario
RT1,30588,t_035,22:44,Tarragona,diario
RT1,30588,t_034,22:50,Tarragona,diario
RT1,30588,t_011,23:00,Tarragona,diario
RT1,30588,t_010,23:09,Tarragona,diario
RT1,30588,t_008,23:18,Tarragona,diario
